Ref ID,Compound,Date,ppm,Rep,Plate,Row,Column,Media,Object ID,Bounding Box,Class,Class Name,Score
93C,,08/04/2021,130.5,1,2,1,1,LM (T),1,"[348, 752, 419, 783]",2,dead,0.9904
93C,,08/04/2021,130.5,1,2,1,1,LM (T),2,"[90, 596, 201, 669]",1,alive,0.9843
93C,,08/04/2021,130.5,1,2,1,1,LM (T),3,"[410, 732, 479, 773]",1,alive,0.9551
93C,,08/04/2021,130.5,1,2,1,1,LM (T),4,"[49, 205, 86, 273]",2,dead,0.8358
93C,,08/04/2021,130.5,1,2,1,1,LM (T),5,"[524, 47, 584, 103]",1,alive,0.8075
93C,,08/04/2021,130.5,1,2,1,1,LM (T),6,"[468, 39, 550, 96]",1,alive,0.7787
93C,,08/04/2021,65.25,1,2,1,2,LM (T),1,"[320, 461, 392, 505]",6,aged_dead,0.9990
93C,,08/04/2021,65.25,1,2,1,2,LM (T),2,"[247, 64, 299, 163]",1,alive,0.9975
93C,,08/04/2021,65.25,1,2,1,2,LM (T),3,"[479, 35, 550, 107]",1,alive,0.9970
93C,,08/04/2021,65.25,1,2,1,2,LM (T),4,"[202, 43, 305, 136]",1,alive,0.9968
93C,,08/04/2021,65.25,1,2,1,2,LM (T),5,"[308, 36, 436, 105]",1,alive,0.9914
93C,,08/04/2021,65.25,1,2,1,2,LM (T),6,"[650, 540, 687, 670]",1,alive,0.9834
93C,,08/04/2021,65.25,1,2,1,2,LM (T),7,"[709, 479, 770, 596]",1,alive,0.9829
93C,,08/04/2021,65.25,1,2,1,2,LM (T),8,"[62, 552, 113, 629]",2,dead,0.9806
93C,,08/04/2021,65.25,1,2,1,2,LM (T),9,"[184, 79, 217, 146]",1,alive,0.9732
93C,,08/04/2021,65.25,1,2,1,2,LM (T),10,"[376, 20, 500, 59]",1,alive,0.9705
93C,,08/04/2021,65.25,1,2,1,2,LM (T),11,"[26, 396, 75, 478]",1,alive,0.9691
93C,,08/04/2021,65.25,1,2,1,2,LM (T),12,"[679, 555, 718, 616]",1,alive,0.9027
93C,,08/04/2021,65.25,1,2,1,2,LM (T),13,"[175, 709, 221, 744]",7,artifact,0.8532
93C,,08/04/2021,65.25,1,2,1,2,LM (T),14,"[20, 308, 79, 395]",1,alive,0.8407
93C,,08/04/2021,65.25,1,2,1,2,LM (T),15,"[100, 96, 192, 187]",2,dead,0.8174
93C,,08/04/2021,65.25,1,2,1,2,LM (T),16,"[33, 270, 63, 332]",2,dead,0.7836
93C,,08/04/2021,65.25,1,2,1,2,LM (T),17,"[88, 552, 157, 653]",2,dead,0.7680
93C,,08/04/2021,65.25,1,2,1,2,LM (T),18,"[211, 173, 298, 263]",5,L2,0.7131
93C,,08/04/2021,65.25,1,2,1,2,LM (T),19,"[218, 49, 329, 98]",1,alive,0.6521
93C,,08/04/2021,65.25,1,2,1,2,LM (T),20,"[300, 23, 448, 60]",1,alive,0.6420
93C,,08/04/2021,65.25,1,2,1,2,LM (T),21,"[296, 50, 336, 79]",1,alive,0.6206
93C,,08/04/2021,32.625,1,2,1,3,LM (T),1,"[96, 80, 214, 193]",1,alive,0.9992
93C,,08/04/2021,32.625,1,2,1,3,LM (T),2,"[560, 96, 681, 163]",1,alive,0.9984
93C,,08/04/2021,32.625,1,2,1,3,LM (T),3,"[28, 454, 88, 510]",1,alive,0.9840
93C,,08/04/2021,32.625,1,2,1,3,LM (T),4,"[38, 495, 99, 629]",2,dead,0.9647
93C,,08/04/2021,32.625,1,2,1,3,LM (T),5,"[462, 692, 580, 778]",1,alive,0.9636
93C,,08/04/2021,32.625,1,2,1,3,LM (T),6,"[366, 713, 490, 783]",5,L2,0.9374
93C,,08/04/2021,32.625,1,2,1,3,LM (T),7,"[98, 605, 126, 635]",3,moribund,0.8814
93C,,08/04/2021,32.625,1,2,1,3,LM (T),8,"[303, 22, 424, 50]",1,alive,0.8592
93C,,08/04/2021,32.625,1,2,1,3,LM (T),9,"[22, 415, 60, 454]",3,moribund,0.8444
93C,,08/04/2021,32.625,1,2,1,3,LM (T),10,"[584, 85, 619, 125]",2,dead,0.8435
93C,,08/04/2021,32.625,1,2,1,3,LM (T),11,"[579, 64, 644, 126]",2,dead,0.8398
93C,,08/04/2021,32.625,1,2,1,3,LM (T),12,"[535, 696, 594, 743]",1,alive,0.8391
93C,,08/04/2021,32.625,1,2,1,3,LM (T),13,"[557, 92, 608, 130]",1,alive,0.8090
93C,,08/04/2021,32.625,1,2,1,3,LM (T),14,"[26, 325, 63, 395]",2,dead,0.7709
93C,,08/04/2021,32.625,1,2,1,3,LM (T),15,"[381, 753, 464, 794]",1,alive,0.6025
93C,,08/04/2021,16.3125,1,2,1,4,LM (T),1,"[122, 648, 225, 745]",1,alive,0.9999
93C,,08/04/2021,16.3125,1,2,1,4,LM (T),2,"[11, 325, 67, 394]",1,alive,0.9993
93C,,08/04/2021,16.3125,1,2,1,4,LM (T),3,"[604, 110, 653, 208]",1,alive,0.9954
93C,,08/04/2021,16.3125,1,2,1,4,LM (T),4,"[70, 447, 106, 595]",1,alive,0.9949
93C,,08/04/2021,16.3125,1,2,1,4,LM (T),5,"[79, 587, 127, 643]",1,alive,0.9947
93C,,08/04/2021,16.3125,1,2,1,4,LM (T),6,"[683, 511, 735, 631]",1,alive,0.9926
93C,,08/04/2021,16.3125,1,2,1,4,LM (T),7,"[347, 27, 492, 64]",1,alive,0.9915
93C,,08/04/2021,16.3125,1,2,1,4,LM (T),8,"[384, 740, 481, 787]",1,alive,0.9913
93C,,08/04/2021,16.3125,1,2,1,4,LM (T),9,"[305, 746, 393, 778]",2,dead,0.9817
93C,,08/04/2021,16.3125,1,2,1,4,LM (T),10,"[628, 163, 669, 241]",1,alive,0.9359
93C,,08/04/2021,16.3125,1,2,1,4,LM (T),11,"[655, 165, 761, 322]",5,L2,0.8443
93C,,08/04/2021,16.3125,1,2,1,4,LM (T),12,"[259, 717, 368, 765]",1,alive,0.8190
93C,,08/04/2021,16.3125,1,2,1,4,LM (T),13,"[607, 615, 700, 701]",2,dead,0.7788
93C,,08/04/2021,16.3125,1,2,1,4,LM (T),14,"[281, 32, 368, 90]",1,alive,0.7264
93C,,08/04/2021,8.15625,1,2,1,5,LM (T),1,"[29, 454, 77, 513]",1,alive,0.9971
93C,,08/04/2021,8.15625,1,2,1,5,LM (T),2,"[297, 26, 391, 79]",1,alive,0.9964
93C,,08/04/2021,8.15625,1,2,1,5,LM (T),3,"[210, 716, 306, 756]",1,alive,0.9928
93C,,08/04/2021,8.15625,1,2,1,5,LM (T),4,"[86, 540, 195, 643]",1,alive,0.9921
93C,,08/04/2021,8.15625,1,2,1,5,LM (T),5,"[443, 57, 513, 102]",2,dead,0.9835
93C,,08/04/2021,8.15625,1,2,1,5,LM (T),6,"[187, 649, 230, 726]",2,dead,0.9743
93C,,08/04/2021,8.15625,1,2,1,5,LM (T),7,"[734, 407, 781, 532]",2,dead,0.9736
93C,,08/04/2021,8.15625,1,2,1,5,LM (T),8,"[515, 57, 644, 125]",1,alive,0.9416
93C,,08/04/2021,8.15625,1,2,1,5,LM (T),9,"[363, 29, 417, 64]",1,alive,0.9262
93C,,08/04/2021,8.15625,1,2,1,5,LM (T),10,"[413, 44, 511, 72]",1,alive,0.8936
93C,,08/04/2021,8.15625,1,2,1,5,LM (T),11,"[375, 21, 526, 57]",1,alive,0.8758
93C,,08/04/2021,8.15625,1,2,1,5,LM (T),12,"[54, 535, 96, 587]",6,aged_dead,0.7350
93C,,08/04/2021,8.15625,1,2,1,5,LM (T),13,"[458, 613, 482, 637]",7,artifact,0.7332
93C,,08/04/2021,4.078125,1,2,1,6,LM (T),1,"[623, 118, 682, 239]",1,alive,0.9998
93C,,08/04/2021,4.078125,1,2,1,6,LM (T),2,"[605, 625, 675, 704]",1,alive,0.9993
93C,,08/04/2021,4.078125,1,2,1,6,LM (T),3,"[669, 168, 730, 241]",1,alive,0.9980
93C,,08/04/2021,4.078125,1,2,1,6,LM (T),4,"[57, 579, 152, 683]",1,alive,0.9978
93C,,08/04/2021,4.078125,1,2,1,6,LM (T),5,"[708, 251, 762, 316]",1,alive,0.9949
93C,,08/04/2021,4.078125,1,2,1,6,LM (T),6,"[519, 127, 635, 167]",1,alive,0.9871
93C,,08/04/2021,4.078125,1,2,1,6,LM (T),7,"[21, 242, 62, 351]",2,dead,0.9860
93C,,08/04/2021,4.078125,1,2,1,6,LM (T),8,"[503, 76, 611, 130]",1,alive,0.9833
93C,,08/04/2021,4.078125,1,2,1,6,LM (T),9,"[467, 34, 604, 90]",1,alive,0.9594
93C,,08/04/2021,4.078125,1,2,1,6,LM (T),10,"[575, 81, 654, 123]",2,dead,0.8679
93C,,08/04/2021,4.078125,1,2,1,6,LM (T),11,"[18, 360, 73, 454]",3,moribund,0.8045
93C,,08/04/2021,4.078125,1,2,1,6,LM (T),12,"[558, 109, 619, 178]",1,alive,0.6514
93C,,08/04/2021,4.078125,1,2,1,6,LM (T),13,"[573, 102, 630, 147]",1,alive,0.6406
93C,,08/04/2021,2.0390625,1,2,1,7,LM (T),1,"[652, 165, 721, 243]",1,alive,0.9997
93C,,08/04/2021,2.0390625,1,2,1,7,LM (T),2,"[621, 105, 683, 197]",1,alive,0.9983
93C,,08/04/2021,2.0390625,1,2,1,7,LM (T),3,"[533, 67, 589, 116]",1,alive,0.9953
93C,,08/04/2021,2.0390625,1,2,1,7,LM (T),4,"[63, 537, 136, 650]",1,alive,0.9945
93C,,08/04/2021,2.0390625,1,2,1,7,LM (T),5,"[585, 72, 675, 155]",1,alive,0.9512
93C,,08/04/2021,2.0390625,1,2,1,7,LM (T),6,"[134, 655, 198, 692]",1,alive,0.9312
93C,,08/04/2021,2.0390625,1,2,1,7,LM (T),7,"[365, 14, 409, 62]",1,alive,0.8989
93C,,08/04/2021,2.0390625,1,2,1,7,LM (T),8,"[489, 44, 587, 74]",2,dead,0.8428
93C,,08/04/2021,2.0390625,1,2,1,7,LM (T),9,"[424, 22, 503, 62]",3,moribund,0.7951
93C,,08/04/2021,2.0390625,1,2,1,7,LM (T),10,"[573, 491, 603, 561]",2,dead,0.6042
93C,,08/04/2021,1.01953125,1,2,1,8,LM (T),1,"[140, 654, 224, 733]",1,alive,0.9993
93C,,08/04/2021,1.01953125,1,2,1,8,LM (T),2,"[353, 681, 413, 782]",1,alive,0.9990
93C,,08/04/2021,1.01953125,1,2,1,8,LM (T),3,"[90, 591, 146, 679]",1,alive,0.9959
93C,,08/04/2021,1.01953125,1,2,1,8,LM (T),4,"[25, 426, 86, 483]",1,alive,0.9956
93C,,08/04/2021,1.01953125,1,2,1,8,LM (T),5,"[11, 366, 74, 465]",1,alive,0.9388
93C,,08/04/2021,1.01953125,1,2,1,8,LM (T),6,"[69, 104, 160, 213]",1,alive,0.8564
93C,,08/04/2021,1.01953125,1,2,1,8,LM (T),7,"[17, 316, 57, 424]",1,alive,0.7592
93C,,08/04/2021,1.01953125,1,2,1,8,LM (T),8,"[663, 659, 685, 681]",7,artifact,0.6220
93C,,08/04/2021,0.509765625,1,2,1,9,LM (T),1,"[590, 109, 651, 174]",1,alive,0.9999
93C,,08/04/2021,0.509765625,1,2,1,9,LM (T),2,"[361, 20, 453, 96]",1,alive,0.9998
93C,,08/04/2021,0.509765625,1,2,1,9,LM (T),3,"[36, 485, 91, 556]",1,alive,0.9995
93C,,08/04/2021,0.509765625,1,2,1,9,LM (T),4,"[66, 544, 120, 645]",1,alive,0.9959
93C,,08/04/2021,0.509765625,1,2,1,9,LM (T),5,"[61, 167, 108, 240]",2,dead,0.9770
93C,,08/04/2021,0.509765625,1,2,1,9,LM (T),6,"[274, 35, 337, 76]",1,alive,0.9749
93C,,08/04/2021,0.509765625,1,2,1,9,LM (T),7,"[96, 99, 180, 203]",2,dead,0.9651
93C,,08/04/2021,0.509765625,1,2,1,9,LM (T),8,"[555, 54, 622, 115]",2,dead,0.9173
93C,,08/04/2021,0.509765625,1,2,1,9,LM (T),9,"[491, 569, 518, 595]",7,artifact,0.9139
93C,,08/04/2021,0.509765625,1,2,1,9,LM (T),10,"[743, 354, 786, 426]",3,moribund,0.8756
93C,,08/04/2021,0.509765625,1,2,1,9,LM (T),11,"[653, 125, 718, 206]",2,dead,0.8541
93C,,08/04/2021,0.509765625,1,2,1,9,LM (T),12,"[729, 438, 782, 549]",2,dead,0.7605
93C,,08/04/2021,0.2548828125,1,2,1,10,LM (T),1,"[173, 53, 258, 135]",1,alive,0.9992
93C,,08/04/2021,0.2548828125,1,2,1,10,LM (T),2,"[631, 161, 701, 232]",1,alive,0.9989
93C,,08/04/2021,0.2548828125,1,2,1,10,LM (T),3,"[457, 30, 530, 110]",1,alive,0.9963
93C,,08/04/2021,0.2548828125,1,2,1,10,LM (T),4,"[145, 606, 189, 690]",1,alive,0.9935
93C,,08/04/2021,0.2548828125,1,2,1,10,LM (T),5,"[618, 136, 667, 194]",1,alive,0.9931
93C,,08/04/2021,0.2548828125,1,2,1,10,LM (T),6,"[15, 350, 101, 456]",1,alive,0.9867
93C,,08/04/2021,0.2548828125,1,2,1,10,LM (T),7,"[87, 596, 155, 685]",1,alive,0.9644
93C,,08/04/2021,0.2548828125,1,2,1,10,LM (T),8,"[562, 109, 650, 176]",1,alive,0.9315
93C,,08/04/2021,0.2548828125,1,2,1,10,LM (T),9,"[158, 104, 190, 146]",1,alive,0.8975
93C,,08/04/2021,0.2548828125,1,2,1,10,LM (T),10,"[500, 690, 583, 766]",1,alive,0.8506
93C,,08/04/2021,0.2548828125,1,2,1,10,LM (T),11,"[444, 727, 503, 774]",3,moribund,0.8505
VC,LM (T),08/04/2021,0,1,2,1,12,LM (T),1,"[512, 622, 581, 679]",1,alive,0.9945
VC,LM (T),08/04/2021,0,1,2,1,12,LM (T),2,"[65, 529, 161, 572]",1,alive,0.9928
VC,LM (T),08/04/2021,0,1,2,1,12,LM (T),3,"[496, 59, 642, 131]",1,alive,0.9916
VC,LM (T),08/04/2021,0,1,2,1,12,LM (T),4,"[535, 599, 587, 657]",1,alive,0.9877
VC,LM (T),08/04/2021,0,1,2,1,12,LM (T),5,"[626, 124, 678, 178]",1,alive,0.9876
VC,LM (T),08/04/2021,0,1,2,1,12,LM (T),6,"[489, 40, 545, 132]",1,alive,0.9835
VC,LM (T),08/04/2021,0,1,2,1,12,LM (T),7,"[369, 740, 474, 785]",1,alive,0.9806
VC,LM (T),08/04/2021,0,1,2,1,12,LM (T),8,"[733, 400, 769, 505]",1,alive,0.9760
VC,LM (T),08/04/2021,0,1,2,1,12,LM (T),9,"[108, 138, 140, 169]",7,artifact,0.9442
VC,LM (T),08/04/2021,0,1,2,1,12,LM (T),10,"[46, 305, 97, 354]",1,alive,0.9413
VC,LM (T),08/04/2021,0,1,2,1,12,LM (T),11,"[281, 747, 380, 780]",1,alive,0.9237
VC,LM (T),08/04/2021,0,1,2,1,12,LM (T),12,"[474, 48, 529, 85]",1,alive,0.8712
VC,LM (T),08/04/2021,0,1,2,1,12,LM (T),13,"[648, 153, 724, 238]",7,artifact,0.8474
VC,LM (T),08/04/2021,0,1,2,1,12,LM (T),14,"[330, 725, 376, 758]",2,dead,0.7924
VC,LM (T),08/04/2021,0,1,2,1,12,LM (T),15,"[729, 187, 781, 336]",7,artifact,0.7845
VC,LM (T),08/04/2021,0,1,2,1,12,LM (T),16,"[711, 503, 750, 607]",2,dead,0.7740
VC,LM (T),08/04/2021,0,1,2,1,12,LM (T),17,"[572, 672, 652, 733]",3,moribund,0.6279
93D,,08/04/2021,135.0,1,2,2,1,LM (T),1,"[588, 124, 671, 185]",1,alive,0.9986
93D,,08/04/2021,135.0,1,2,2,1,LM (T),2,"[545, 53, 657, 137]",1,alive,0.9929
93D,,08/04/2021,135.0,1,2,2,1,LM (T),3,"[153, 662, 235, 719]",2,dead,0.9569
93D,,08/04/2021,135.0,1,2,2,1,LM (T),4,"[222, 692, 270, 744]",2,dead,0.9558
93D,,08/04/2021,135.0,1,2,2,1,LM (T),5,"[666, 176, 716, 230]",1,alive,0.9462
93D,,08/04/2021,135.0,1,2,2,1,LM (T),6,"[98, 598, 152, 678]",2,dead,0.8285
93D,,08/04/2021,135.0,1,2,2,1,LM (T),7,"[233, 715, 281, 753]",2,dead,0.8210
93D,,08/04/2021,135.0,1,2,2,1,LM (T),8,"[281, 752, 410, 789]",2,dead,0.7971
93D,,08/04/2021,135.0,1,2,2,1,LM (T),9,"[137, 615, 249, 709]",1,alive,0.7501
93D,,08/04/2021,135.0,1,2,2,1,LM (T),10,"[647, 197, 693, 233]",3,moribund,0.7043
93D,,08/04/2021,135.0,1,2,2,1,LM (T),11,"[175, 664, 261, 702]",1,alive,0.6890
93D,,08/04/2021,135.0,1,2,2,1,LM (T),12,"[652, 160, 698, 226]",1,alive,0.6474
93D,,08/04/2021,67.5,1,2,2,2,LM (T),1,"[234, 702, 293, 756]",1,alive,0.9991
93D,,08/04/2021,67.5,1,2,2,2,LM (T),2,"[544, 127, 705, 188]",1,alive,0.9980
93D,,08/04/2021,67.5,1,2,2,2,LM (T),3,"[459, 76, 530, 107]",1,alive,0.9931
93D,,08/04/2021,67.5,1,2,2,2,LM (T),4,"[425, 20, 563, 101]",1,alive,0.9931
93D,,08/04/2021,67.5,1,2,2,2,LM (T),5,"[523, 47, 633, 113]",1,alive,0.9741
93D,,08/04/2021,67.5,1,2,2,2,LM (T),6,"[454, 753, 519, 781]",6,aged_dead,0.9566
93D,,08/04/2021,67.5,1,2,2,2,LM (T),7,"[259, 32, 323, 67]",2,dead,0.9310
93D,,08/04/2021,67.5,1,2,2,2,LM (T),8,"[321, 22, 404, 95]",1,alive,0.8714
93D,,08/04/2021,67.5,1,2,2,2,LM (T),9,"[614, 107, 661, 158]",1,alive,0.8451
93D,,08/04/2021,67.5,1,2,2,2,LM (T),10,"[26, 449, 73, 489]",1,alive,0.8270
93D,,08/04/2021,33.75,1,2,2,3,LM (T),1,"[37, 451, 108, 536]",1,alive,0.9994
93D,,08/04/2021,33.75,1,2,2,3,LM (T),2,"[302, 23, 396, 66]",1,alive,0.9972
93D,,08/04/2021,33.75,1,2,2,3,LM (T),3,"[109, 602, 197, 647]",1,alive,0.9962
93D,,08/04/2021,33.75,1,2,2,3,LM (T),4,"[243, 715, 312, 760]",1,alive,0.9943
93D,,08/04/2021,33.75,1,2,2,3,LM (T),5,"[392, 31, 477, 68]",1,alive,0.9920
93D,,08/04/2021,33.75,1,2,2,3,LM (T),6,"[22, 370, 64, 484]",1,alive,0.9539
93D,,08/04/2021,33.75,1,2,2,3,LM (T),7,"[475, 27, 580, 97]",1,alive,0.9391
93D,,08/04/2021,33.75,1,2,2,3,LM (T),8,"[111, 89, 188, 157]",7,artifact,0.9299
93D,,08/04/2021,33.75,1,2,2,3,LM (T),9,"[54, 284, 86, 382]",1,alive,0.9086
93D,,08/04/2021,33.75,1,2,2,3,LM (T),10,"[752, 324, 790, 410]",2,dead,0.8996
93D,,08/04/2021,33.75,1,2,2,3,LM (T),11,"[140, 73, 204, 120]",7,artifact,0.8970
93D,,08/04/2021,33.75,1,2,2,3,LM (T),12,"[86, 565, 126, 614]",1,alive,0.8961
93D,,08/04/2021,33.75,1,2,2,3,LM (T),13,"[167, 56, 241, 100]",7,artifact,0.8897
93D,,08/04/2021,33.75,1,2,2,3,LM (T),14,"[39, 521, 99, 623]",1,alive,0.8812
93D,,08/04/2021,33.75,1,2,2,3,LM (T),15,"[240, 18, 376, 58]",2,dead,0.8643
93D,,08/04/2021,33.75,1,2,2,3,LM (T),16,"[31, 225, 88, 350]",1,alive,0.8615
93D,,08/04/2021,33.75,1,2,2,3,LM (T),17,"[129, 636, 184, 707]",3,moribund,0.8492
93D,,08/04/2021,33.75,1,2,2,3,LM (T),18,"[588, 72, 657, 122]",6,aged_dead,0.8359
93D,,08/04/2021,33.75,1,2,2,3,LM (T),19,"[185, 682, 221, 719]",2,dead,0.7645
93D,,08/04/2021,33.75,1,2,2,3,LM (T),20,"[31, 287, 62, 383]",1,alive,0.7312
93D,,08/04/2021,16.875,1,2,2,4,LM (T),1,"[111, 637, 200, 710]",1,alive,0.9995
93D,,08/04/2021,16.875,1,2,2,4,LM (T),2,"[652, 164, 709, 215]",1,alive,0.9987
93D,,08/04/2021,16.875,1,2,2,4,LM (T),3,"[282, 28, 335, 116]",1,alive,0.9985
93D,,08/04/2021,16.875,1,2,2,4,LM (T),4,"[22, 388, 77, 529]",1,alive,0.9875
93D,,08/04/2021,16.875,1,2,2,4,LM (T),5,"[313, 751, 467, 786]",1,alive,0.9771
93D,,08/04/2021,16.875,1,2,2,4,LM (T),6,"[542, 71, 622, 100]",2,dead,0.9765
93D,,08/04/2021,16.875,1,2,2,4,LM (T),7,"[426, 22, 567, 71]",1,alive,0.9512
93D,,08/04/2021,16.875,1,2,2,4,LM (T),8,"[623, 99, 690, 187]",1,alive,0.9380
93D,,08/04/2021,16.875,1,2,2,4,LM (T),9,"[151, 676, 267, 754]",1,alive,0.8633
93D,,08/04/2021,8.4375,1,2,2,5,LM (T),1,"[22, 269, 80, 345]",1,alive,0.9995
93D,,08/04/2021,8.4375,1,2,2,5,LM (T),2,"[287, 737, 394, 783]",1,alive,0.9991
93D,,08/04/2021,8.4375,1,2,2,5,LM (T),3,"[137, 654, 252, 732]",1,alive,0.9988
93D,,08/04/2021,8.4375,1,2,2,5,LM (T),4,"[43, 532, 142, 668]",1,alive,0.9896
93D,,08/04/2021,8.4375,1,2,2,5,LM (T),5,"[231, 51, 299, 106]",1,alive,0.9820
93D,,08/04/2021,8.4375,1,2,2,5,LM (T),6,"[287, 32, 370, 105]",1,alive,0.9816
93D,,08/04/2021,8.4375,1,2,2,5,LM (T),7,"[370, 11, 440, 34]",2,dead,0.9791
93D,,08/04/2021,8.4375,1,2,2,5,LM (T),8,"[286, 30, 409, 67]",1,alive,0.9348
93D,,08/04/2021,8.4375,1,2,2,5,LM (T),9,"[59, 520, 101, 573]",1,alive,0.9023
93D,,08/04/2021,8.4375,1,2,2,5,LM (T),10,"[165, 660, 260, 700]",1,alive,0.8980
93D,,08/04/2021,8.4375,1,2,2,5,LM (T),11,"[508, 45, 583, 91]",2,dead,0.8797
93D,,08/04/2021,8.4375,1,2,2,5,LM (T),12,"[392, 23, 489, 51]",2,dead,0.8135
93D,,08/04/2021,8.4375,1,2,2,5,LM (T),13,"[369, 757, 463, 792]",2,dead,0.6533
93D,,08/04/2021,4.21875,1,2,2,6,LM (T),1,"[671, 213, 752, 302]",1,alive,0.9999
93D,,08/04/2021,4.21875,1,2,2,6,LM (T),2,"[135, 87, 228, 156]",1,alive,0.9995
93D,,08/04/2021,4.21875,1,2,2,6,LM (T),3,"[595, 92, 673, 155]",1,alive,0.9994
93D,,08/04/2021,4.21875,1,2,2,6,LM (T),4,"[497, 61, 566, 105]",1,alive,0.9973
93D,,08/04/2021,4.21875,1,2,2,6,LM (T),5,"[108, 573, 164, 690]",1,alive,0.9963
93D,,08/04/2021,4.21875,1,2,2,6,LM (T),6,"[603, 146, 681, 253]",1,alive,0.9961
93D,,08/04/2021,4.21875,1,2,2,6,LM (T),7,"[207, 676, 246, 737]",1,alive,0.9938
93D,,08/04/2021,4.21875,1,2,2,6,LM (T),8,"[54, 545, 145, 659]",1,alive,0.9843
93D,,08/04/2021,4.21875,1,2,2,6,LM (T),9,"[743, 464, 781, 541]",7,artifact,0.9562
93D,,08/04/2021,4.21875,1,2,2,6,LM (T),10,"[672, 152, 712, 256]",1,alive,0.9406
93D,,08/04/2021,4.21875,1,2,2,6,LM (T),11,"[470, 731, 528, 769]",2,dead,0.8507
93D,,08/04/2021,4.21875,1,2,2,6,LM (T),12,"[757, 462, 783, 491]",7,artifact,0.8302
93D,,08/04/2021,4.21875,1,2,2,6,LM (T),13,"[654, 186, 689, 250]",6,aged_dead,0.7815
93D,,08/04/2021,4.21875,1,2,2,6,LM (T),14,"[742, 513, 773, 544]",7,artifact,0.6464
93D,,08/04/2021,4.21875,1,2,2,6,LM (T),15,"[687, 208, 712, 252]",1,alive,0.6455
93D,,08/04/2021,2.109375,1,2,2,7,LM (T),1,"[110, 554, 179, 628]",1,alive,0.9996
93D,,08/04/2021,2.109375,1,2,2,7,LM (T),2,"[548, 85, 616, 213]",1,alive,0.9989
93D,,08/04/2021,2.109375,1,2,2,7,LM (T),3,"[649, 174, 703, 313]",1,alive,0.9986
93D,,08/04/2021,2.109375,1,2,2,7,LM (T),4,"[536, 80, 598, 129]",1,alive,0.9984
93D,,08/04/2021,2.109375,1,2,2,7,LM (T),5,"[46, 504, 115, 643]",1,alive,0.9922
93D,,08/04/2021,2.109375,1,2,2,7,LM (T),6,"[550, 150, 607, 226]",1,alive,0.9836
93D,,08/04/2021,2.109375,1,2,2,7,LM (T),7,"[703, 177, 742, 338]",1,alive,0.9826
93D,,08/04/2021,2.109375,1,2,2,7,LM (T),8,"[253, 30, 337, 71]",1,alive,0.9788
93D,,08/04/2021,2.109375,1,2,2,7,LM (T),9,"[651, 599, 710, 677]",2,dead,0.9778
93D,,08/04/2021,2.109375,1,2,2,7,LM (T),10,"[116, 513, 159, 585]",2,dead,0.9766
93D,,08/04/2021,2.109375,1,2,2,7,LM (T),11,"[173, 60, 322, 105]",1,alive,0.9765
93D,,08/04/2021,2.109375,1,2,2,7,LM (T),12,"[738, 263, 775, 302]",7,artifact,0.9512
93D,,08/04/2021,2.109375,1,2,2,7,LM (T),13,"[474, 31, 580, 90]",1,alive,0.8846
93D,,08/04/2021,2.109375,1,2,2,7,LM (T),14,"[136, 94, 192, 134]",3,moribund,0.8304
93D,,08/04/2021,1.0546875,1,2,2,8,LM (T),1,"[679, 238, 764, 442]",5,L2,0.9996
93D,,08/04/2021,1.0546875,1,2,2,8,LM (T),2,"[182, 676, 247, 748]",1,alive,0.9991
93D,,08/04/2021,1.0546875,1,2,2,8,LM (T),3,"[633, 154, 694, 216]",1,alive,0.9928
93D,,08/04/2021,1.0546875,1,2,2,8,LM (T),4,"[671, 140, 730, 253]",1,alive,0.9149
93D,,08/04/2021,1.0546875,1,2,2,8,LM (T),5,"[313, 541, 373, 592]",3,moribund,0.8699
93D,,08/04/2021,1.0546875,1,2,2,8,LM (T),6,"[728, 243, 776, 359]",1,alive,0.8488
93D,,08/04/2021,1.0546875,1,2,2,8,LM (T),7,"[676, 251, 748, 341]",5,L2,0.7993
93D,,08/04/2021,1.0546875,1,2,2,8,LM (T),8,"[611, 95, 659, 145]",1,alive,0.6624
93D,,08/04/2021,0.52734375,1,2,2,9,LM (T),1,"[513, 63, 607, 123]",1,alive,0.9985
93D,,08/04/2021,0.52734375,1,2,2,9,LM (T),2,"[217, 48, 287, 103]",1,alive,0.9970
93D,,08/04/2021,0.52734375,1,2,2,9,LM (T),3,"[76, 553, 123, 637]",1,alive,0.9948
93D,,08/04/2021,0.52734375,1,2,2,9,LM (T),4,"[303, 701, 436, 773]",1,alive,0.9939
93D,,08/04/2021,0.52734375,1,2,2,9,LM (T),5,"[16, 319, 46, 395]",6,aged_dead,0.9867
93D,,08/04/2021,0.52734375,1,2,2,9,LM (T),6,"[222, 706, 367, 772]",1,alive,0.9706
93D,,08/04/2021,0.52734375,1,2,2,9,LM (T),7,"[42, 219, 87, 283]",1,alive,0.9286
93D,,08/04/2021,0.52734375,1,2,2,9,LM (T),8,"[550, 107, 625, 144]",1,alive,0.8161
93D,,08/04/2021,0.263671875,1,2,2,10,LM (T),1,"[149, 639, 263, 730]",1,alive,1.0000
93D,,08/04/2021,0.263671875,1,2,2,10,LM (T),2,"[78, 142, 141, 244]",1,alive,0.9992
93D,,08/04/2021,0.263671875,1,2,2,10,LM (T),3,"[428, 19, 519, 130]",1,alive,0.9988
93D,,08/04/2021,0.263671875,1,2,2,10,LM (T),4,"[133, 107, 183, 241]",1,alive,0.9981
93D,,08/04/2021,0.263671875,1,2,2,10,LM (T),5,"[93, 573, 159, 684]",1,alive,0.9956
93D,,08/04/2021,0.263671875,1,2,2,10,LM (T),6,"[30, 410, 64, 534]",1,alive,0.9956
93D,,08/04/2021,0.263671875,1,2,2,10,LM (T),7,"[169, 678, 243, 736]",1,alive,0.9922
93D,,08/04/2021,0.263671875,1,2,2,10,LM (T),8,"[29, 202, 85, 341]",1,alive,0.9890
93D,,08/04/2021,0.263671875,1,2,2,10,LM (T),9,"[31, 375, 96, 430]",1,alive,0.9737
93D,,08/04/2021,0.263671875,1,2,2,10,LM (T),10,"[28, 345, 79, 398]",1,alive,0.9604
93D,,08/04/2021,0.263671875,1,2,2,10,LM (T),11,"[57, 538, 114, 609]",1,alive,0.9537
93D,,08/04/2021,0.263671875,1,2,2,10,LM (T),12,"[491, 345, 533, 385]",7,artifact,0.9114
93D,,08/04/2021,0.263671875,1,2,2,10,LM (T),13,"[72, 334, 101, 372]",7,artifact,0.8821
93D,,08/04/2021,0.263671875,1,2,2,10,LM (T),14,"[48, 463, 79, 534]",1,alive,0.8576
VC,LM (T),08/04/2021,0,1,2,2,12,LM (T),1,"[23, 289, 81, 393]",1,alive,0.9994
VC,LM (T),08/04/2021,0,1,2,2,12,LM (T),2,"[110, 601, 163, 674]",1,alive,0.9986
VC,LM (T),08/04/2021,0,1,2,2,12,LM (T),3,"[548, 82, 619, 174]",1,alive,0.9985
VC,LM (T),08/04/2021,0,1,2,2,12,LM (T),4,"[84, 458, 121, 623]",1,alive,0.9965
VC,LM (T),08/04/2021,0,1,2,2,12,LM (T),5,"[606, 133, 702, 221]",1,alive,0.9962
VC,LM (T),08/04/2021,0,1,2,2,12,LM (T),6,"[584, 91, 688, 160]",1,alive,0.9899
VC,LM (T),08/04/2021,0,1,2,2,12,LM (T),7,"[467, 30, 550, 101]",1,alive,0.9845
VC,LM (T),08/04/2021,0,1,2,2,12,LM (T),8,"[38, 405, 82, 505]",1,alive,0.9818
VC,LM (T),08/04/2021,0,1,2,2,12,LM (T),9,"[689, 196, 737, 244]",1,alive,0.9762
VC,LM (T),08/04/2021,0,1,2,2,12,LM (T),10,"[164, 684, 255, 750]",1,alive,0.9758
VC,LM (T),08/04/2021,0,1,2,2,12,LM (T),11,"[128, 108, 149, 130]",7,artifact,0.9508
VC,LM (T),08/04/2021,0,1,2,2,12,LM (T),12,"[338, 281, 398, 335]",7,artifact,0.9182
VC,LM (T),08/04/2021,0,1,2,2,12,LM (T),13,"[58, 502, 95, 573]",1,alive,0.9151
VC,LM (T),08/04/2021,0,1,2,2,12,LM (T),14,"[24, 432, 62, 510]",1,alive,0.9071
VC,LM (T),08/04/2021,0,1,2,2,12,LM (T),15,"[598, 657, 660, 712]",3,moribund,0.8245
VC,LM (T),08/04/2021,0,1,2,2,12,LM (T),16,"[638, 147, 698, 183]",2,dead,0.6707
VC,LM (T),08/04/2021,0,1,2,2,12,LM (T),17,"[73, 493, 119, 572]",1,alive,0.6007
93E,,08/04/2021,140.0,1,2,3,1,LM (T),1,"[529, 357, 767, 445]",5,L2,0.9999
93E,,08/04/2021,140.0,1,2,3,1,LM (T),2,"[234, 68, 347, 101]",1,alive,0.9994
93E,,08/04/2021,140.0,1,2,3,1,LM (T),3,"[426, 27, 529, 95]",1,alive,0.9981
93E,,08/04/2021,140.0,1,2,3,1,LM (T),4,"[191, 702, 303, 750]",1,alive,0.9966
93E,,08/04/2021,140.0,1,2,3,1,LM (T),5,"[43, 497, 105, 626]",1,alive,0.9952
93E,,08/04/2021,140.0,1,2,3,1,LM (T),6,"[142, 637, 220, 707]",1,alive,0.9919
93E,,08/04/2021,140.0,1,2,3,1,LM (T),7,"[108, 611, 188, 708]",1,alive,0.9897
93E,,08/04/2021,140.0,1,2,3,1,LM (T),8,"[661, 581, 720, 644]",1,alive,0.9875
93E,,08/04/2021,140.0,1,2,3,1,LM (T),9,"[37, 360, 81, 454]",1,alive,0.9842
93E,,08/04/2021,140.0,1,2,3,1,LM (T),10,"[20, 330, 59, 444]",1,alive,0.9643
93E,,08/04/2021,140.0,1,2,3,1,LM (T),11,"[332, 736, 389, 778]",1,alive,0.9618
93E,,08/04/2021,140.0,1,2,3,1,LM (T),12,"[110, 77, 199, 172]",2,dead,0.9513
93E,,08/04/2021,140.0,1,2,3,1,LM (T),13,"[636, 163, 703, 201]",1,alive,0.8971
93E,,08/04/2021,140.0,1,2,3,1,LM (T),14,"[284, 255, 334, 298]",7,artifact,0.8743
93E,,08/04/2021,140.0,1,2,3,1,LM (T),15,"[379, 727, 419, 777]",3,moribund,0.8270
93E,,08/04/2021,140.0,1,2,3,1,LM (T),16,"[291, 30, 351, 71]",2,dead,0.6812
93E,,08/04/2021,70.0,1,2,3,2,LM (T),1,"[270, 36, 328, 95]",1,alive,0.9995
93E,,08/04/2021,70.0,1,2,3,2,LM (T),2,"[159, 115, 225, 155]",1,alive,0.9991
93E,,08/04/2021,70.0,1,2,3,2,LM (T),3,"[189, 39, 299, 137]",1,alive,0.9973
93E,,08/04/2021,70.0,1,2,3,2,LM (T),4,"[579, 66, 648, 131]",1,alive,0.9972
93E,,08/04/2021,70.0,1,2,3,2,LM (T),5,"[421, 50, 571, 83]",1,alive,0.9965
93E,,08/04/2021,70.0,1,2,3,2,LM (T),6,"[71, 554, 161, 670]",1,alive,0.9964
93E,,08/04/2021,70.0,1,2,3,2,LM (T),7,"[17, 415, 67, 481]",1,alive,0.9933
93E,,08/04/2021,70.0,1,2,3,2,LM (T),8,"[672, 150, 728, 252]",1,alive,0.9914
93E,,08/04/2021,70.0,1,2,3,2,LM (T),9,"[329, 26, 440, 74]",1,alive,0.9804
93E,,08/04/2021,70.0,1,2,3,2,LM (T),10,"[428, 30, 473, 73]",1,alive,0.9716
93E,,08/04/2021,70.0,1,2,3,2,LM (T),11,"[611, 618, 725, 689]",3,moribund,0.6505
93E,,08/04/2021,35.0,1,2,3,3,LM (T),1,"[261, 22, 387, 115]",1,alive,0.9994
93E,,08/04/2021,35.0,1,2,3,3,LM (T),2,"[143, 509, 177, 567]",6,aged_dead,0.9993
93E,,08/04/2021,35.0,1,2,3,3,LM (T),3,"[407, 43, 448, 156]",1,alive,0.9983
93E,,08/04/2021,35.0,1,2,3,3,LM (T),4,"[124, 131, 172, 178]",1,alive,0.9931
93E,,08/04/2021,35.0,1,2,3,3,LM (T),5,"[417, 15, 501, 87]",1,alive,0.9926
93E,,08/04/2021,35.0,1,2,3,3,LM (T),6,"[152, 628, 218, 719]",1,alive,0.9877
93E,,08/04/2021,35.0,1,2,3,3,LM (T),7,"[366, 747, 494, 782]",1,alive,0.9656
93E,,08/04/2021,35.0,1,2,3,3,LM (T),8,"[115, 89, 193, 158]",1,alive,0.9108
93E,,08/04/2021,35.0,1,2,3,3,LM (T),9,"[114, 624, 176, 704]",1,alive,0.8387
93E,,08/04/2021,35.0,1,2,3,3,LM (T),10,"[61, 559, 136, 641]",2,dead,0.7609
93E,,08/04/2021,35.0,1,2,3,3,LM (T),11,"[246, 741, 377, 778]",1,alive,0.7323
93E,,08/04/2021,35.0,1,2,3,3,LM (T),12,"[281, 39, 319, 67]",1,alive,0.6738
93E,,08/04/2021,17.5,1,2,3,4,LM (T),1,"[676, 238, 764, 304]",1,alive,1.0000
93E,,08/04/2021,17.5,1,2,3,4,LM (T),2,"[300, 33, 460, 73]",1,alive,0.9865
93E,,08/04/2021,17.5,1,2,3,4,LM (T),3,"[575, 63, 640, 176]",1,alive,0.9743
93E,,08/04/2021,17.5,1,2,3,4,LM (T),4,"[744, 322, 776, 474]",1,alive,0.9494
93E,,08/04/2021,17.5,1,2,3,4,LM (T),5,"[729, 312, 758, 392]",1,alive,0.9463
93E,,08/04/2021,17.5,1,2,3,4,LM (T),6,"[453, 34, 537, 68]",1,alive,0.9415
93E,,08/04/2021,17.5,1,2,3,4,LM (T),7,"[138, 169, 207, 197]",7,artifact,0.9251
93E,,08/04/2021,17.5,1,2,3,4,LM (T),8,"[546, 687, 620, 730]",1,alive,0.9217
93E,,08/04/2021,17.5,1,2,3,4,LM (T),9,"[359, 13, 389, 46]",2,dead,0.9028
93E,,08/04/2021,17.5,1,2,3,4,LM (T),10,"[623, 109, 705, 193]",1,alive,0.8977
93E,,08/04/2021,8.75,1,2,3,5,LM (T),1,"[413, 683, 615, 776]",5,L2,1.0000
93E,,08/04/2021,8.75,1,2,3,5,LM (T),2,"[456, 433, 501, 502]",6,aged_dead,1.0000
93E,,08/04/2021,8.75,1,2,3,5,LM (T),3,"[600, 123, 656, 188]",1,alive,0.9998
93E,,08/04/2021,8.75,1,2,3,5,LM (T),4,"[734, 294, 771, 427]",1,alive,0.9993
93E,,08/04/2021,8.75,1,2,3,5,LM (T),5,"[488, 28, 540, 141]",1,alive,0.9979
93E,,08/04/2021,8.75,1,2,3,5,LM (T),6,"[661, 152, 714, 296]",1,alive,0.9969
93E,,08/04/2021,8.75,1,2,3,5,LM (T),7,"[490, 98, 527, 171]",1,alive,0.9952
93E,,08/04/2021,8.75,1,2,3,5,LM (T),8,"[298, 23, 395, 96]",1,alive,0.9940
93E,,08/04/2021,8.75,1,2,3,5,LM (T),9,"[546, 88, 640, 153]",1,alive,0.9847
93E,,08/04/2021,8.75,1,2,3,5,LM (T),10,"[269, 682, 366, 754]",1,alive,0.9810
93E,,08/04/2021,8.75,1,2,3,5,LM (T),11,"[285, 25, 345, 64]",1,alive,0.9665
93E,,08/04/2021,8.75,1,2,3,5,LM (T),12,"[700, 177, 741, 233]",2,dead,0.9617
93E,,08/04/2021,8.75,1,2,3,5,LM (T),13,"[581, 100, 664, 136]",1,alive,0.9188
93E,,08/04/2021,8.75,1,2,3,5,LM (T),14,"[242, 735, 365, 778]",1,alive,0.8840
93E,,08/04/2021,8.75,1,2,3,5,LM (T),15,"[555, 75, 617, 122]",1,alive,0.8682
93E,,08/04/2021,8.75,1,2,3,5,LM (T),16,"[699, 205, 762, 280]",1,alive,0.8648
93E,,08/04/2021,8.75,1,2,3,5,LM (T),17,"[125, 586, 179, 698]",2,dead,0.8052
93E,,08/04/2021,8.75,1,2,3,5,LM (T),18,"[523, 106, 554, 161]",6,aged_dead,0.7895
93E,,08/04/2021,8.75,1,2,3,5,LM (T),19,"[105, 594, 145, 668]",1,alive,0.6444
93E,,08/04/2021,4.375,1,2,3,6,LM (T),1,"[598, 108, 661, 176]",1,alive,0.9995
93E,,08/04/2021,4.375,1,2,3,6,LM (T),2,"[72, 484, 126, 602]",1,alive,0.9984
93E,,08/04/2021,4.375,1,2,3,6,LM (T),3,"[612, 174, 724, 264]",1,alive,0.9982
93E,,08/04/2021,4.375,1,2,3,6,LM (T),4,"[273, 34, 357, 86]",1,alive,0.9964
93E,,08/04/2021,4.375,1,2,3,6,LM (T),5,"[686, 249, 748, 323]",1,alive,0.9908
93E,,08/04/2021,4.375,1,2,3,6,LM (T),6,"[417, 65, 554, 103]",1,alive,0.9897
93E,,08/04/2021,4.375,1,2,3,6,LM (T),7,"[194, 44, 269, 89]",2,dead,0.9678
93E,,08/04/2021,4.375,1,2,3,6,LM (T),8,"[658, 128, 722, 237]",1,alive,0.9611
93E,,08/04/2021,4.375,1,2,3,6,LM (T),9,"[29, 415, 92, 491]",1,alive,0.9579
93E,,08/04/2021,4.375,1,2,3,6,LM (T),10,"[378, 28, 505, 71]",1,alive,0.9540
93E,,08/04/2021,4.375,1,2,3,6,LM (T),11,"[549, 68, 605, 135]",1,alive,0.9321
93E,,08/04/2021,4.375,1,2,3,6,LM (T),12,"[568, 88, 607, 169]",1,alive,0.9314
93E,,08/04/2021,4.375,1,2,3,6,LM (T),13,"[16, 406, 54, 489]",2,dead,0.9274
93E,,08/04/2021,4.375,1,2,3,6,LM (T),14,"[370, 18, 428, 71]",1,alive,0.8976
93E,,08/04/2021,4.375,1,2,3,6,LM (T),15,"[444, 45, 571, 82]",1,alive,0.8755
93E,,08/04/2021,4.375,1,2,3,6,LM (T),16,"[610, 143, 647, 235]",1,alive,0.8456
93E,,08/04/2021,4.375,1,2,3,6,LM (T),17,"[264, 756, 309, 783]",7,artifact,0.7688
93E,,08/04/2021,4.375,1,2,3,6,LM (T),18,"[453, 36, 502, 79]",1,alive,0.6314
93E,,08/04/2021,2.1875,1,2,3,7,LM (T),1,"[667, 335, 756, 428]",1,alive,0.9995
93E,,08/04/2021,2.1875,1,2,3,7,LM (T),2,"[588, 139, 735, 229]",1,alive,0.9988
93E,,08/04/2021,2.1875,1,2,3,7,LM (T),3,"[281, 42, 356, 97]",1,alive,0.9979
93E,,08/04/2021,2.1875,1,2,3,7,LM (T),4,"[672, 197, 716, 338]",1,alive,0.9978
93E,,08/04/2021,2.1875,1,2,3,7,LM (T),5,"[508, 63, 638, 116]",1,alive,0.9943
93E,,08/04/2021,2.1875,1,2,3,7,LM (T),6,"[201, 54, 278, 107]",1,alive,0.9884
93E,,08/04/2021,2.1875,1,2,3,7,LM (T),7,"[633, 439, 775, 488]",2,dead,0.9792
93E,,08/04/2021,2.1875,1,2,3,7,LM (T),8,"[47, 511, 123, 655]",1,alive,0.9736
93E,,08/04/2021,2.1875,1,2,3,7,LM (T),9,"[340, 20, 423, 73]",1,alive,0.9329
93E,,08/04/2021,2.1875,1,2,3,7,LM (T),10,"[673, 539, 730, 646]",1,alive,0.9081
93E,,08/04/2021,2.1875,1,2,3,7,LM (T),11,"[706, 236, 756, 273]",1,alive,0.8962
93E,,08/04/2021,2.1875,1,2,3,7,LM (T),12,"[742, 370, 785, 414]",1,alive,0.8105
93E,,08/04/2021,2.1875,1,2,3,7,LM (T),13,"[747, 404, 785, 474]",1,alive,0.8054
93E,,08/04/2021,2.1875,1,2,3,7,LM (T),14,"[496, 43, 576, 74]",1,alive,0.7965
93E,,08/04/2021,2.1875,1,2,3,7,LM (T),15,"[689, 178, 735, 232]",4,egg,0.6901
93E,,08/04/2021,2.1875,1,2,3,7,LM (T),16,"[46, 510, 76, 570]",4,egg,0.6599
93E,,08/04/2021,2.1875,1,2,3,7,LM (T),17,"[670, 198, 706, 239]",1,alive,0.6499
93E,,08/04/2021,1.09375,1,2,3,8,LM (T),1,"[680, 533, 744, 590]",1,alive,0.9995
93E,,08/04/2021,1.09375,1,2,3,8,LM (T),2,"[561, 92, 628, 163]",1,alive,0.9990
93E,,08/04/2021,1.09375,1,2,3,8,LM (T),3,"[187, 679, 245, 748]",1,alive,0.9975
93E,,08/04/2021,1.09375,1,2,3,8,LM (T),4,"[524, 69, 571, 148]",1,alive,0.9953
93E,,08/04/2021,1.09375,1,2,3,8,LM (T),5,"[367, 22, 461, 60]",1,alive,0.9883
93E,,08/04/2021,1.09375,1,2,3,8,LM (T),6,"[462, 42, 551, 75]",1,alive,0.9858
93E,,08/04/2021,1.09375,1,2,3,8,LM (T),7,"[532, 55, 612, 152]",1,alive,0.9848
93E,,08/04/2021,1.09375,1,2,3,8,LM (T),8,"[286, 17, 364, 57]",2,dead,0.9835
93E,,08/04/2021,1.09375,1,2,3,8,LM (T),9,"[627, 123, 665, 176]",1,alive,0.9701
93E,,08/04/2021,1.09375,1,2,3,8,LM (T),10,"[22, 418, 80, 554]",1,alive,0.9541
93E,,08/04/2021,0.546875,1,2,3,9,LM (T),1,"[677, 175, 735, 244]",1,alive,0.9958
93E,,08/04/2021,0.546875,1,2,3,9,LM (T),2,"[619, 102, 694, 180]",1,alive,0.9935
93E,,08/04/2021,0.546875,1,2,3,9,LM (T),3,"[101, 616, 216, 711]",1,alive,0.9886
93E,,08/04/2021,0.546875,1,2,3,9,LM (T),4,"[578, 116, 668, 211]",1,alive,0.9781
93E,,08/04/2021,0.546875,1,2,3,9,LM (T),5,"[554, 64, 617, 120]",1,alive,0.9746
93E,,08/04/2021,0.546875,1,2,3,9,LM (T),6,"[420, 30, 518, 66]",1,alive,0.9547
93E,,08/04/2021,0.546875,1,2,3,9,LM (T),7,"[109, 592, 156, 644]",1,alive,0.9462
93E,,08/04/2021,0.546875,1,2,3,9,LM (T),8,"[48, 503, 113, 620]",1,alive,0.9194
93E,,08/04/2021,0.2734375,1,2,3,10,LM (T),1,"[733, 280, 771, 379]",1,alive,0.9997
93E,,08/04/2021,0.2734375,1,2,3,10,LM (T),2,"[355, 16, 411, 103]",1,alive,0.9994
93E,,08/04/2021,0.2734375,1,2,3,10,LM (T),3,"[669, 386, 780, 467]",1,alive,0.9990
93E,,08/04/2021,0.2734375,1,2,3,10,LM (T),4,"[174, 663, 285, 724]",1,alive,0.9976
93E,,08/04/2021,0.2734375,1,2,3,10,LM (T),5,"[679, 169, 757, 269]",1,alive,0.9962
93E,,08/04/2021,0.2734375,1,2,3,10,LM (T),6,"[519, 102, 621, 178]",1,alive,0.9960
93E,,08/04/2021,0.2734375,1,2,3,10,LM (T),7,"[381, 21, 516, 71]",1,alive,0.9935
93E,,08/04/2021,0.2734375,1,2,3,10,LM (T),8,"[602, 91, 680, 192]",1,alive,0.9812
93E,,08/04/2021,0.2734375,1,2,3,10,LM (T),9,"[86, 615, 163, 680]",1,alive,0.9812
93E,,08/04/2021,0.2734375,1,2,3,10,LM (T),10,"[514, 41, 554, 97]",1,alive,0.9576
93E,,08/04/2021,0.2734375,1,2,3,10,LM (T),11,"[493, 81, 568, 121]",1,alive,0.9500
93E,,08/04/2021,0.2734375,1,2,3,10,LM (T),12,"[584, 126, 712, 178]",1,alive,0.9092
93E,,08/04/2021,0.2734375,1,2,3,10,LM (T),13,"[148, 660, 210, 706]",1,alive,0.8350
93E,,08/04/2021,0.2734375,1,2,3,10,LM (T),14,"[739, 383, 785, 433]",1,alive,0.8144
93E,,08/04/2021,0.2734375,1,2,3,10,LM (T),15,"[725, 425, 778, 467]",1,alive,0.7066
93E,,08/04/2021,0.2734375,1,2,3,10,LM (T),16,"[384, 747, 473, 787]",3,moribund,0.6177
VC,LM (T),08/04/2021,0,1,2,3,12,LM (T),1,"[574, 93, 662, 131]",1,alive,0.9989
VC,LM (T),08/04/2021,0,1,2,3,12,LM (T),2,"[18, 332, 80, 440]",1,alive,0.9980
VC,LM (T),08/04/2021,0,1,2,3,12,LM (T),3,"[614, 125, 738, 224]",1,alive,0.9974
VC,LM (T),08/04/2021,0,1,2,3,12,LM (T),4,"[699, 208, 760, 304]",1,alive,0.9950
VC,LM (T),08/04/2021,0,1,2,3,12,LM (T),5,"[117, 600, 210, 711]",1,alive,0.9942
VC,LM (T),08/04/2021,0,1,2,3,12,LM (T),6,"[40, 509, 96, 572]",1,alive,0.9901
VC,LM (T),08/04/2021,0,1,2,3,12,LM (T),7,"[307, 89, 342, 113]",7,artifact,0.9813
VC,LM (T),08/04/2021,0,1,2,3,12,LM (T),8,"[108, 597, 168, 667]",1,alive,0.9766
VC,LM (T),08/04/2021,0,1,2,3,12,LM (T),9,"[76, 555, 113, 624]",1,alive,0.9356
VC,LM (T),08/04/2021,0,1,2,3,12,LM (T),10,"[143, 619, 185, 675]",1,alive,0.7279
VC,LM (T),08/04/2021,0,1,2,3,12,LM (T),11,"[153, 657, 205, 715]",1,alive,0.6031
94A,,08/04/2021,124.5,1,2,4,1,LM (T),1,"[532, 64, 599, 137]",1,alive,0.9991
94A,,08/04/2021,124.5,1,2,4,1,LM (T),2,"[218, 688, 313, 729]",1,alive,0.9951
94A,,08/04/2021,124.5,1,2,4,1,LM (T),3,"[279, 699, 350, 755]",1,alive,0.9618
94A,,08/04/2021,124.5,1,2,4,1,LM (T),4,"[333, 738, 391, 777]",1,alive,0.9604
94A,,08/04/2021,124.5,1,2,4,1,LM (T),5,"[384, 751, 457, 791]",2,dead,0.9541
94A,,08/04/2021,124.5,1,2,4,1,LM (T),6,"[458, 732, 521, 781]",1,alive,0.9485
94A,,08/04/2021,124.5,1,2,4,1,LM (T),7,"[174, 707, 266, 753]",2,dead,0.9303
94A,,08/04/2021,124.5,1,2,4,1,LM (T),8,"[641, 135, 711, 187]",2,dead,0.9259
94A,,08/04/2021,124.5,1,2,4,1,LM (T),9,"[591, 88, 676, 146]",2,dead,0.8480
94A,,08/04/2021,124.5,1,2,4,1,LM (T),10,"[205, 676, 266, 736]",1,alive,0.8468
94A,,08/04/2021,124.5,1,2,4,1,LM (T),11,"[203, 672, 232, 721]",1,alive,0.8146
94A,,08/04/2021,124.5,1,2,4,1,LM (T),12,"[255, 733, 326, 778]",2,dead,0.8000
94A,,08/04/2021,124.5,1,2,4,1,LM (T),13,"[136, 669, 212, 714]",1,alive,0.7900
94A,,08/04/2021,124.5,1,2,4,1,LM (T),14,"[103, 618, 176, 678]",3,moribund,0.7534
94A,,08/04/2021,124.5,1,2,4,1,LM (T),15,"[457, 31, 579, 80]",2,dead,0.7105
94A,,08/04/2021,62.25,1,2,4,2,LM (T),1,"[109, 618, 175, 685]",1,alive,0.9996
94A,,08/04/2021,62.25,1,2,4,2,LM (T),2,"[206, 686, 273, 766]",1,alive,0.9993
94A,,08/04/2021,62.25,1,2,4,2,LM (T),3,"[422, 388, 448, 415]",7,artifact,0.9987
94A,,08/04/2021,62.25,1,2,4,2,LM (T),4,"[540, 64, 592, 120]",1,alive,0.9982
94A,,08/04/2021,62.25,1,2,4,2,LM (T),5,"[493, 65, 550, 110]",1,alive,0.9941
94A,,08/04/2021,62.25,1,2,4,2,LM (T),6,"[271, 733, 402, 764]",1,alive,0.9939
94A,,08/04/2021,62.25,1,2,4,2,LM (T),7,"[424, 25, 533, 72]",1,alive,0.9935
94A,,08/04/2021,62.25,1,2,4,2,LM (T),8,"[31, 206, 84, 303]",2,dead,0.9675
94A,,08/04/2021,62.25,1,2,4,2,LM (T),9,"[665, 181, 753, 288]",1,alive,0.9501
94A,,08/04/2021,62.25,1,2,4,2,LM (T),10,"[718, 212, 747, 265]",2,dead,0.9045
94A,,08/04/2021,62.25,1,2,4,2,LM (T),11,"[721, 273, 778, 320]",2,dead,0.8493
94A,,08/04/2021,62.25,1,2,4,2,LM (T),12,"[309, 668, 345, 700]",7,artifact,0.8245
94A,,08/04/2021,62.25,1,2,4,2,LM (T),13,"[583, 77, 624, 122]",1,alive,0.7659
94A,,08/04/2021,62.25,1,2,4,2,LM (T),14,"[251, 683, 304, 753]",1,alive,0.7489
94A,,08/04/2021,62.25,1,2,4,2,LM (T),15,"[436, 723, 576, 788]",2,dead,0.7405
94A,,08/04/2021,62.25,1,2,4,2,LM (T),16,"[603, 93, 671, 150]",3,moribund,0.6793
94A,,08/04/2021,31.125,1,2,4,3,LM (T),1,"[177, 662, 269, 749]",1,alive,0.9987
94A,,08/04/2021,31.125,1,2,4,3,LM (T),2,"[710, 551, 753, 618]",2,dead,0.9983
94A,,08/04/2021,31.125,1,2,4,3,LM (T),3,"[497, 44, 552, 102]",1,alive,0.9966
94A,,08/04/2021,31.125,1,2,4,3,LM (T),4,"[170, 84, 221, 182]",1,alive,0.9961
94A,,08/04/2021,31.125,1,2,4,3,LM (T),5,"[597, 92, 717, 210]",1,alive,0.9948
94A,,08/04/2021,31.125,1,2,4,3,LM (T),6,"[44, 488, 89, 565]",1,alive,0.9935
94A,,08/04/2021,31.125,1,2,4,3,LM (T),7,"[61, 577, 173, 674]",1,alive,0.9903
94A,,08/04/2021,31.125,1,2,4,3,LM (T),8,"[81, 506, 126, 587]",1,alive,0.9874
94A,,08/04/2021,31.125,1,2,4,3,LM (T),9,"[540, 69, 599, 116]",1,alive,0.9776
94A,,08/04/2021,31.125,1,2,4,3,LM (T),10,"[403, 22, 507, 72]",1,alive,0.9573
94A,,08/04/2021,31.125,1,2,4,3,LM (T),11,"[29, 459, 107, 502]",2,dead,0.9402
94A,,08/04/2021,31.125,1,2,4,3,LM (T),12,"[577, 100, 629, 167]",2,dead,0.9382
94A,,08/04/2021,31.125,1,2,4,3,LM (T),13,"[656, 163, 701, 216]",1,alive,0.8582
94A,,08/04/2021,31.125,1,2,4,3,LM (T),14,"[120, 99, 179, 173]",1,alive,0.8482
94A,,08/04/2021,31.125,1,2,4,3,LM (T),15,"[547, 472, 605, 543]",6,aged_dead,0.8471
94A,,08/04/2021,31.125,1,2,4,3,LM (T),16,"[112, 616, 181, 670]",1,alive,0.7312
94A,,08/04/2021,31.125,1,2,4,3,LM (T),17,"[508, 57, 576, 111]",1,alive,0.6227
94A,,08/04/2021,15.5625,1,2,4,4,LM (T),1,"[479, 503, 532, 547]",7,artifact,0.9996
94A,,08/04/2021,15.5625,1,2,4,4,LM (T),2,"[282, 707, 428, 771]",1,alive,0.9994
94A,,08/04/2021,15.5625,1,2,4,4,LM (T),3,"[632, 124, 700, 206]",1,alive,0.9969
94A,,08/04/2021,15.5625,1,2,4,4,LM (T),4,"[174, 695, 334, 729]",1,alive,0.9957
94A,,08/04/2021,15.5625,1,2,4,4,LM (T),5,"[466, 77, 592, 139]",1,alive,0.9945
94A,,08/04/2021,15.5625,1,2,4,4,LM (T),6,"[669, 203, 710, 277]",1,alive,0.9926
94A,,08/04/2021,15.5625,1,2,4,4,LM (T),7,"[531, 47, 633, 147]",1,alive,0.9871
94A,,08/04/2021,15.5625,1,2,4,4,LM (T),8,"[137, 660, 270, 701]",1,alive,0.9859
94A,,08/04/2021,15.5625,1,2,4,4,LM (T),9,"[701, 209, 779, 320]",1,alive,0.9635
94A,,08/04/2021,15.5625,1,2,4,4,LM (T),10,"[398, 41, 532, 82]",1,alive,0.9482
94A,,08/04/2021,15.5625,1,2,4,4,LM (T),11,"[433, 20, 524, 67]",1,alive,0.9146
94A,,08/04/2021,15.5625,1,2,4,4,LM (T),12,"[259, 722, 294, 767]",1,alive,0.8980
94A,,08/04/2021,15.5625,1,2,4,4,LM (T),13,"[258, 31, 312, 90]",1,alive,0.8377
94A,,08/04/2021,15.5625,1,2,4,4,LM (T),14,"[603, 79, 654, 128]",1,alive,0.6685
94A,,08/04/2021,7.78125,1,2,4,5,LM (T),1,"[748, 298, 779, 459]",1,alive,0.9980
94A,,08/04/2021,7.78125,1,2,4,5,LM (T),2,"[419, 27, 504, 86]",1,alive,0.9972
94A,,08/04/2021,7.78125,1,2,4,5,LM (T),3,"[305, 17, 421, 58]",1,alive,0.9964
94A,,08/04/2021,7.78125,1,2,4,5,LM (T),4,"[260, 48, 372, 79]",1,alive,0.9726
94A,,08/04/2021,7.78125,1,2,4,5,LM (T),5,"[206, 58, 269, 93]",2,dead,0.8385
94A,,08/04/2021,7.78125,1,2,4,5,LM (T),6,"[329, 362, 395, 421]",3,moribund,0.7994
94A,,08/04/2021,7.78125,1,2,4,5,LM (T),7,"[627, 123, 710, 199]",3,moribund,0.7566
94A,,08/04/2021,3.890625,1,2,4,6,LM (T),1,"[479, 79, 564, 192]",1,alive,1.0000
94A,,08/04/2021,3.890625,1,2,4,6,LM (T),2,"[188, 87, 280, 244]",1,alive,0.9999
94A,,08/04/2021,3.890625,1,2,4,6,LM (T),3,"[257, 83, 347, 169]",1,alive,0.9984
94A,,08/04/2021,3.890625,1,2,4,6,LM (T),4,"[528, 655, 565, 683]",6,aged_dead,0.9977
94A,,08/04/2021,3.890625,1,2,4,6,LM (T),5,"[482, 707, 594, 758]",1,alive,0.9968
94A,,08/04/2021,3.890625,1,2,4,6,LM (T),6,"[465, 680, 594, 718]",1,alive,0.9929
94A,,08/04/2021,3.890625,1,2,4,6,LM (T),7,"[254, 26, 327, 66]",2,dead,0.9920
94A,,08/04/2021,3.890625,1,2,4,6,LM (T),8,"[147, 178, 189, 255]",1,alive,0.9799
94A,,08/04/2021,3.890625,1,2,4,6,LM (T),9,"[455, 586, 586, 678]",1,alive,0.9780
94A,,08/04/2021,3.890625,1,2,4,6,LM (T),10,"[238, 267, 297, 318]",2,dead,0.9602
94A,,08/04/2021,3.890625,1,2,4,6,LM (T),11,"[702, 237, 752, 390]",1,alive,0.9331
94A,,08/04/2021,3.890625,1,2,4,6,LM (T),12,"[247, 129, 297, 172]",2,dead,0.8473
94A,,08/04/2021,3.890625,1,2,4,6,LM (T),13,"[363, 403, 435, 469]",2,dead,0.7752
94A,,08/04/2021,1.9453125,1,2,4,7,LM (T),1,"[449, 434, 521, 477]",6,aged_dead,0.9996
94A,,08/04/2021,1.9453125,1,2,4,7,LM (T),2,"[54, 337, 102, 431]",1,alive,0.9979
94A,,08/04/2021,1.9453125,1,2,4,7,LM (T),3,"[50, 217, 139, 334]",1,alive,0.9962
94A,,08/04/2021,1.9453125,1,2,4,7,LM (T),4,"[214, 303, 249, 331]",7,artifact,0.9955
94A,,08/04/2021,1.9453125,1,2,4,7,LM (T),5,"[244, 590, 290, 764]",1,alive,0.9926
94A,,08/04/2021,1.9453125,1,2,4,7,LM (T),6,"[603, 572, 677, 635]",1,alive,0.9920
94A,,08/04/2021,1.9453125,1,2,4,7,LM (T),7,"[597, 128, 649, 188]",1,alive,0.9910
94A,,08/04/2021,1.9453125,1,2,4,7,LM (T),8,"[599, 94, 664, 141]",1,alive,0.9907
94A,,08/04/2021,1.9453125,1,2,4,7,LM (T),9,"[32, 394, 65, 521]",1,alive,0.9900
94A,,08/04/2021,1.9453125,1,2,4,7,LM (T),10,"[465, 15, 489, 33]",7,artifact,0.9874
94A,,08/04/2021,1.9453125,1,2,4,7,LM (T),11,"[388, 12, 420, 131]",1,alive,0.9814
94A,,08/04/2021,1.9453125,1,2,4,7,LM (T),12,"[302, 29, 449, 90]",1,alive,0.9801
94A,,08/04/2021,1.9453125,1,2,4,7,LM (T),13,"[149, 303, 237, 404]",2,dead,0.9725
94A,,08/04/2021,1.9453125,1,2,4,7,LM (T),14,"[270, 41, 379, 105]",1,alive,0.9691
94A,,08/04/2021,1.9453125,1,2,4,7,LM (T),15,"[80, 185, 144, 225]",1,alive,0.9663
94A,,08/04/2021,1.9453125,1,2,4,7,LM (T),16,"[26, 325, 77, 421]",1,alive,0.9600
94A,,08/04/2021,1.9453125,1,2,4,7,LM (T),17,"[138, 95, 199, 156]",1,alive,0.9518
94A,,08/04/2021,1.9453125,1,2,4,7,LM (T),18,"[202, 677, 266, 749]",1,alive,0.9175
94A,,08/04/2021,1.9453125,1,2,4,7,LM (T),19,"[47, 249, 84, 310]",2,dead,0.8188
94A,,08/04/2021,1.9453125,1,2,4,7,LM (T),20,"[19, 267, 61, 383]",2,dead,0.8184
94A,,08/04/2021,0.97265625,1,2,4,8,LM (T),1,"[485, 40, 596, 129]",1,alive,0.9997
94A,,08/04/2021,0.97265625,1,2,4,8,LM (T),2,"[300, 728, 427, 764]",1,alive,0.9981
94A,,08/04/2021,0.97265625,1,2,4,8,LM (T),3,"[61, 561, 133, 648]",1,alive,0.9972
94A,,08/04/2021,0.97265625,1,2,4,8,LM (T),4,"[24, 444, 85, 570]",1,alive,0.9970
94A,,08/04/2021,0.97265625,1,2,4,8,LM (T),5,"[194, 687, 259, 740]",1,alive,0.9936
94A,,08/04/2021,0.97265625,1,2,4,8,LM (T),6,"[307, 20, 438, 75]",1,alive,0.9901
94A,,08/04/2021,0.97265625,1,2,4,8,LM (T),7,"[571, 74, 665, 158]",1,alive,0.9885
94A,,08/04/2021,0.97265625,1,2,4,8,LM (T),8,"[70, 218, 120, 324]",1,alive,0.9863
94A,,08/04/2021,0.97265625,1,2,4,8,LM (T),9,"[94, 232, 138, 301]",1,alive,0.9564
94A,,08/04/2021,0.97265625,1,2,4,8,LM (T),10,"[41, 196, 96, 290]",1,alive,0.9404
94A,,08/04/2021,0.97265625,1,2,4,8,LM (T),11,"[146, 80, 210, 124]",2,dead,0.9141
94A,,08/04/2021,0.97265625,1,2,4,8,LM (T),12,"[77, 524, 105, 573]",2,dead,0.8974
94A,,08/04/2021,0.97265625,1,2,4,8,LM (T),13,"[418, 29, 501, 67]",1,alive,0.8871
94A,,08/04/2021,0.97265625,1,2,4,8,LM (T),14,"[21, 354, 56, 419]",1,alive,0.8137
94A,,08/04/2021,0.97265625,1,2,4,8,LM (T),15,"[255, 716, 312, 775]",2,dead,0.7401
94A,,08/04/2021,0.97265625,1,2,4,8,LM (T),16,"[162, 679, 234, 713]",1,alive,0.7390
94A,,08/04/2021,0.486328125,1,2,4,9,LM (T),1,"[716, 410, 785, 497]",1,alive,0.9995
94A,,08/04/2021,0.486328125,1,2,4,9,LM (T),2,"[227, 669, 278, 757]",1,alive,0.9980
94A,,08/04/2021,0.486328125,1,2,4,9,LM (T),3,"[20, 356, 63, 473]",1,alive,0.9964
94A,,08/04/2021,0.486328125,1,2,4,9,LM (T),4,"[272, 19, 378, 86]",1,alive,0.9963
94A,,08/04/2021,0.486328125,1,2,4,9,LM (T),5,"[692, 187, 728, 288]",1,alive,0.9960
94A,,08/04/2021,0.486328125,1,2,4,9,LM (T),6,"[537, 722, 576, 752]",2,dead,0.9952
94A,,08/04/2021,0.486328125,1,2,4,9,LM (T),7,"[100, 116, 161, 177]",2,dead,0.9937
94A,,08/04/2021,0.486328125,1,2,4,9,LM (T),8,"[603, 122, 661, 182]",1,alive,0.9907
94A,,08/04/2021,0.486328125,1,2,4,9,LM (T),9,"[285, 746, 351, 780]",2,dead,0.9836
94A,,08/04/2021,0.486328125,1,2,4,9,LM (T),10,"[163, 685, 250, 731]",1,alive,0.9789
94A,,08/04/2021,0.486328125,1,2,4,9,LM (T),11,"[613, 89, 688, 174]",1,alive,0.9091
94A,,08/04/2021,0.486328125,1,2,4,9,LM (T),12,"[451, 40, 504, 91]",1,alive,0.9056
94A,,08/04/2021,0.486328125,1,2,4,9,LM (T),13,"[361, 743, 486, 781]",1,alive,0.6336
94A,,08/04/2021,0.2431640625,1,2,4,10,LM (T),1,"[334, 401, 403, 477]",1,alive,1.0000
94A,,08/04/2021,0.2431640625,1,2,4,10,LM (T),2,"[683, 306, 739, 375]",1,alive,0.9998
94A,,08/04/2021,0.2431640625,1,2,4,10,LM (T),3,"[515, 595, 595, 660]",1,alive,0.9998
94A,,08/04/2021,0.2431640625,1,2,4,10,LM (T),4,"[134, 632, 242, 739]",1,alive,0.9992
94A,,08/04/2021,0.2431640625,1,2,4,10,LM (T),5,"[592, 163, 695, 201]",1,alive,0.9978
94A,,08/04/2021,0.2431640625,1,2,4,10,LM (T),6,"[685, 259, 758, 333]",1,alive,0.9951
94A,,08/04/2021,0.2431640625,1,2,4,10,LM (T),7,"[458, 724, 585, 776]",1,alive,0.9945
94A,,08/04/2021,0.2431640625,1,2,4,10,LM (T),8,"[686, 186, 757, 266]",7,artifact,0.9842
94A,,08/04/2021,0.2431640625,1,2,4,10,LM (T),9,"[198, 611, 258, 653]",1,alive,0.9827
94A,,08/04/2021,0.2431640625,1,2,4,10,LM (T),10,"[741, 357, 777, 487]",1,alive,0.9810
94A,,08/04/2021,0.2431640625,1,2,4,10,LM (T),11,"[536, 90, 653, 157]",1,alive,0.9741
94A,,08/04/2021,0.2431640625,1,2,4,10,LM (T),12,"[501, 65, 555, 132]",2,dead,0.9638
94A,,08/04/2021,0.2431640625,1,2,4,10,LM (T),13,"[345, 30, 475, 64]",1,alive,0.9619
94A,,08/04/2021,0.2431640625,1,2,4,10,LM (T),14,"[151, 118, 215, 174]",1,alive,0.9560
94A,,08/04/2021,0.2431640625,1,2,4,10,LM (T),15,"[225, 156, 359, 189]",1,alive,0.9544
94A,,08/04/2021,0.2431640625,1,2,4,10,LM (T),16,"[647, 128, 689, 172]",7,artifact,0.8129
94A,,08/04/2021,0.2431640625,1,2,4,10,LM (T),17,"[737, 309, 776, 364]",7,artifact,0.7913
94A,,08/04/2021,0.2431640625,1,2,4,10,LM (T),18,"[26, 314, 58, 420]",3,moribund,0.7238
94A,,08/04/2021,0.2431640625,1,2,4,10,LM (T),19,"[744, 227, 767, 280]",7,artifact,0.7217
94A,,08/04/2021,0.2431640625,1,2,4,10,LM (T),20,"[229, 140, 281, 188]",1,alive,0.6370
VC,LM (T),08/04/2021,0,1,2,4,12,LM (T),1,"[167, 621, 227, 681]",1,alive,0.9997
VC,LM (T),08/04/2021,0,1,2,4,12,LM (T),2,"[612, 602, 678, 700]",1,alive,0.9997
VC,LM (T),08/04/2021,0,1,2,4,12,LM (T),3,"[272, 715, 338, 763]",1,alive,0.9997
VC,LM (T),08/04/2021,0,1,2,4,12,LM (T),4,"[589, 590, 639, 661]",1,alive,0.9989
VC,LM (T),08/04/2021,0,1,2,4,12,LM (T),5,"[51, 515, 162, 635]",1,alive,0.9981
VC,LM (T),08/04/2021,0,1,2,4,12,LM (T),6,"[116, 77, 218, 202]",1,alive,0.9945
VC,LM (T),08/04/2021,0,1,2,4,12,LM (T),7,"[591, 80, 654, 156]",1,alive,0.9928
VC,LM (T),08/04/2021,0,1,2,4,12,LM (T),8,"[31, 450, 112, 567]",1,alive,0.9859
VC,LM (T),08/04/2021,0,1,2,4,12,LM (T),9,"[438, 726, 494, 766]",1,alive,0.9720
VC,LM (T),08/04/2021,0,1,2,4,12,LM (T),10,"[161, 681, 291, 731]",1,alive,0.9668
VC,LM (T),08/04/2021,0,1,2,4,12,LM (T),11,"[729, 228, 759, 326]",1,alive,0.9668
VC,LM (T),08/04/2021,0,1,2,4,12,LM (T),12,"[59, 517, 109, 564]",6,aged_dead,0.8440
VC,LM (T),08/04/2021,0,1,2,4,12,LM (T),13,"[740, 307, 778, 390]",3,moribund,0.7825
94B,,08/04/2021,135.5,1,2,5,1,LM (T),1,"[154, 673, 253, 752]",1,alive,0.9988
94B,,08/04/2021,135.5,1,2,5,1,LM (T),2,"[650, 237, 752, 345]",1,alive,0.9976
94B,,08/04/2021,135.5,1,2,5,1,LM (T),3,"[613, 136, 667, 243]",1,alive,0.9964
94B,,08/04/2021,135.5,1,2,5,1,LM (T),4,"[689, 232, 764, 292]",1,alive,0.9964
94B,,08/04/2021,135.5,1,2,5,1,LM (T),5,"[725, 385, 768, 451]",1,alive,0.9667
94B,,08/04/2021,135.5,1,2,5,1,LM (T),6,"[740, 307, 775, 402]",1,alive,0.9622
94B,,08/04/2021,135.5,1,2,5,1,LM (T),7,"[612, 98, 662, 144]",1,alive,0.9439
94B,,08/04/2021,135.5,1,2,5,1,LM (T),8,"[310, 751, 380, 783]",2,dead,0.9053
94B,,08/04/2021,135.5,1,2,5,1,LM (T),9,"[724, 475, 776, 562]",1,alive,0.8117
94B,,08/04/2021,135.5,1,2,5,1,LM (T),10,"[471, 726, 568, 780]",2,dead,0.7872
94B,,08/04/2021,135.5,1,2,5,1,LM (T),11,"[717, 424, 776, 528]",3,moribund,0.7420
94B,,08/04/2021,135.5,1,2,5,1,LM (T),12,"[650, 236, 705, 298]",1,alive,0.7127
94B,,08/04/2021,67.75,1,2,5,2,LM (T),1,"[420, 728, 540, 775]",1,alive,0.9982
94B,,08/04/2021,67.75,1,2,5,2,LM (T),2,"[301, 728, 423, 761]",1,alive,0.9964
94B,,08/04/2021,67.75,1,2,5,2,LM (T),3,"[151, 85, 191, 132]",2,dead,0.9960
94B,,08/04/2021,67.75,1,2,5,2,LM (T),4,"[677, 573, 723, 618]",1,alive,0.9758
94B,,08/04/2021,67.75,1,2,5,2,LM (T),5,"[689, 534, 743, 574]",1,alive,0.9613
94B,,08/04/2021,67.75,1,2,5,2,LM (T),6,"[677, 157, 754, 283]",1,alive,0.9487
94B,,08/04/2021,67.75,1,2,5,2,LM (T),7,"[28, 321, 60, 435]",2,dead,0.9438
94B,,08/04/2021,67.75,1,2,5,2,LM (T),8,"[709, 406, 751, 555]",1,alive,0.9418
94B,,08/04/2021,67.75,1,2,5,2,LM (T),9,"[731, 500, 766, 549]",3,moribund,0.9332
94B,,08/04/2021,67.75,1,2,5,2,LM (T),10,"[742, 441, 790, 500]",2,dead,0.8652
94B,,08/04/2021,67.75,1,2,5,2,LM (T),11,"[747, 370, 775, 453]",2,dead,0.8020
94B,,08/04/2021,33.875,1,2,5,3,LM (T),1,"[377, 102, 501, 184]",1,alive,0.9999
94B,,08/04/2021,33.875,1,2,5,3,LM (T),2,"[73, 563, 183, 695]",1,alive,0.9993
94B,,08/04/2021,33.875,1,2,5,3,LM (T),3,"[498, 41, 629, 119]",1,alive,0.9989
94B,,08/04/2021,33.875,1,2,5,3,LM (T),4,"[306, 707, 386, 777]",1,alive,0.9986
94B,,08/04/2021,33.875,1,2,5,3,LM (T),5,"[276, 706, 328, 767]",1,alive,0.9985
94B,,08/04/2021,33.875,1,2,5,3,LM (T),6,"[142, 591, 247, 656]",1,alive,0.9984
94B,,08/04/2021,33.875,1,2,5,3,LM (T),7,"[505, 683, 646, 763]",1,alive,0.9976
94B,,08/04/2021,33.875,1,2,5,3,LM (T),8,"[23, 369, 63, 502]",1,alive,0.9957
94B,,08/04/2021,33.875,1,2,5,3,LM (T),9,"[380, 21, 474, 100]",1,alive,0.9954
94B,,08/04/2021,33.875,1,2,5,3,LM (T),10,"[450, 65, 545, 161]",1,alive,0.9919
94B,,08/04/2021,33.875,1,2,5,3,LM (T),11,"[710, 518, 759, 593]",2,dead,0.9861
94B,,08/04/2021,33.875,1,2,5,3,LM (T),12,"[347, 29, 407, 66]",1,alive,0.9834
94B,,08/04/2021,33.875,1,2,5,3,LM (T),13,"[80, 497, 125, 546]",2,dead,0.9831
94B,,08/04/2021,33.875,1,2,5,3,LM (T),14,"[70, 382, 125, 432]",2,dead,0.9738
94B,,08/04/2021,33.875,1,2,5,3,LM (T),15,"[119, 537, 152, 602]",1,alive,0.9734
94B,,08/04/2021,33.875,1,2,5,3,LM (T),16,"[181, 632, 237, 697]",1,alive,0.9703
94B,,08/04/2021,33.875,1,2,5,3,LM (T),17,"[208, 689, 277, 745]",1,alive,0.9571
94B,,08/04/2021,33.875,1,2,5,3,LM (T),18,"[81, 572, 202, 626]",1,alive,0.9530
94B,,08/04/2021,33.875,1,2,5,3,LM (T),19,"[44, 477, 96, 567]",1,alive,0.9411
94B,,08/04/2021,33.875,1,2,5,3,LM (T),20,"[41, 193, 95, 270]",2,dead,0.9329
94B,,08/04/2021,33.875,1,2,5,3,LM (T),21,"[441, 43, 505, 77]",1,alive,0.8437
94B,,08/04/2021,33.875,1,2,5,3,LM (T),22,"[64, 573, 128, 618]",1,alive,0.8414
94B,,08/04/2021,33.875,1,2,5,3,LM (T),23,"[102, 554, 146, 618]",1,alive,0.7618
94B,,08/04/2021,33.875,1,2,5,3,LM (T),24,"[113, 625, 181, 694]",1,alive,0.7503
94B,,08/04/2021,33.875,1,2,5,3,LM (T),25,"[407, 29, 492, 73]",1,alive,0.7083
94B,,08/04/2021,33.875,1,2,5,3,LM (T),26,"[98, 567, 126, 613]",1,alive,0.6941
94B,,08/04/2021,33.875,1,2,5,3,LM (T),27,"[121, 551, 172, 651]",1,alive,0.6854
94B,,08/04/2021,33.875,1,2,5,3,LM (T),28,"[72, 528, 125, 569]",1,alive,0.6085
94B,,08/04/2021,16.9375,1,2,5,4,LM (T),1,"[435, 60, 540, 122]",1,alive,0.9997
94B,,08/04/2021,16.9375,1,2,5,4,LM (T),2,"[283, 677, 386, 769]",1,alive,0.9985
94B,,08/04/2021,16.9375,1,2,5,4,LM (T),3,"[110, 605, 187, 675]",1,alive,0.9960
94B,,08/04/2021,16.9375,1,2,5,4,LM (T),4,"[693, 190, 771, 306]",1,alive,0.9935
94B,,08/04/2021,16.9375,1,2,5,4,LM (T),5,"[412, 20, 470, 91]",1,alive,0.9899
94B,,08/04/2021,16.9375,1,2,5,4,LM (T),6,"[288, 41, 435, 97]",1,alive,0.9882
94B,,08/04/2021,16.9375,1,2,5,4,LM (T),7,"[288, 29, 357, 64]",1,alive,0.9850
94B,,08/04/2021,16.9375,1,2,5,4,LM (T),8,"[49, 501, 113, 625]",1,alive,0.9836
94B,,08/04/2021,16.9375,1,2,5,4,LM (T),9,"[148, 651, 285, 762]",1,alive,0.9801
94B,,08/04/2021,16.9375,1,2,5,4,LM (T),10,"[150, 663, 236, 718]",1,alive,0.9754
94B,,08/04/2021,16.9375,1,2,5,4,LM (T),11,"[203, 709, 281, 761]",1,alive,0.9551
94B,,08/04/2021,16.9375,1,2,5,4,LM (T),12,"[452, 41, 494, 88]",1,alive,0.9409
94B,,08/04/2021,16.9375,1,2,5,4,LM (T),13,"[172, 612, 270, 712]",1,alive,0.8743
94B,,08/04/2021,16.9375,1,2,5,4,LM (T),14,"[209, 678, 318, 763]",1,alive,0.8582
94B,,08/04/2021,16.9375,1,2,5,4,LM (T),15,"[462, 35, 546, 67]",1,alive,0.8497
94B,,08/04/2021,16.9375,1,2,5,4,LM (T),16,"[28, 444, 61, 520]",1,alive,0.8437
94B,,08/04/2021,16.9375,1,2,5,4,LM (T),17,"[410, 53, 497, 95]",1,alive,0.8292
94B,,08/04/2021,16.9375,1,2,5,4,LM (T),18,"[365, 16, 422, 52]",2,dead,0.8170
94B,,08/04/2021,16.9375,1,2,5,4,LM (T),19,"[46, 546, 87, 585]",2,dead,0.8085
94B,,08/04/2021,16.9375,1,2,5,4,LM (T),20,"[547, 64, 622, 117]",3,moribund,0.7719
94B,,08/04/2021,16.9375,1,2,5,4,LM (T),21,"[60, 153, 138, 255]",2,dead,0.7673
94B,,08/04/2021,16.9375,1,2,5,4,LM (T),22,"[168, 677, 258, 708]",1,alive,0.6957
94B,,08/04/2021,16.9375,1,2,5,4,LM (T),23,"[466, 34, 503, 78]",1,alive,0.6616
94B,,08/04/2021,8.46875,1,2,5,5,LM (T),1,"[701, 190, 754, 294]",1,alive,0.9989
94B,,08/04/2021,8.46875,1,2,5,5,LM (T),2,"[62, 546, 143, 612]",1,alive,0.9975
94B,,08/04/2021,8.46875,1,2,5,5,LM (T),3,"[539, 57, 648, 202]",1,alive,0.9900
94B,,08/04/2021,8.46875,1,2,5,5,LM (T),4,"[235, 715, 331, 773]",1,alive,0.9676
94B,,08/04/2021,8.46875,1,2,5,5,LM (T),5,"[548, 82, 602, 200]",1,alive,0.8800
94B,,08/04/2021,8.46875,1,2,5,5,LM (T),6,"[181, 675, 267, 723]",2,dead,0.8418
94B,,08/04/2021,8.46875,1,2,5,5,LM (T),7,"[127, 632, 163, 682]",1,alive,0.7958
94B,,08/04/2021,4.234375,1,2,5,6,LM (T),1,"[707, 472, 764, 506]",6,aged_dead,0.9998
94B,,08/04/2021,4.234375,1,2,5,6,LM (T),2,"[101, 544, 144, 611]",1,alive,0.9990
94B,,08/04/2021,4.234375,1,2,5,6,LM (T),3,"[626, 136, 712, 223]",1,alive,0.9989
94B,,08/04/2021,4.234375,1,2,5,6,LM (T),4,"[130, 650, 240, 729]",1,alive,0.9982
94B,,08/04/2021,4.234375,1,2,5,6,LM (T),5,"[447, 39, 539, 99]",1,alive,0.9981
94B,,08/04/2021,4.234375,1,2,5,6,LM (T),6,"[27, 346, 67, 529]",1,alive,0.9967
94B,,08/04/2021,4.234375,1,2,5,6,LM (T),7,"[123, 621, 307, 671]",5,L2,0.9950
94B,,08/04/2021,4.234375,1,2,5,6,LM (T),8,"[465, 71, 603, 154]",1,alive,0.9949
94B,,08/04/2021,4.234375,1,2,5,6,LM (T),9,"[87, 560, 132, 662]",1,alive,0.9947
94B,,08/04/2021,4.234375,1,2,5,6,LM (T),10,"[378, 18, 466, 57]",1,alive,0.9906
94B,,08/04/2021,4.234375,1,2,5,6,LM (T),11,"[467, 114, 566, 163]",1,alive,0.9759
94B,,08/04/2021,4.234375,1,2,5,6,LM (T),12,"[462, 30, 561, 68]",1,alive,0.9113
94B,,08/04/2021,4.234375,1,2,5,6,LM (T),13,"[294, 16, 366, 69]",1,alive,0.8722
94B,,08/04/2021,4.234375,1,2,5,6,LM (T),14,"[639, 175, 681, 207]",2,dead,0.8669
94B,,08/04/2021,4.234375,1,2,5,6,LM (T),15,"[667, 162, 708, 220]",1,alive,0.8072
94B,,08/04/2021,4.234375,1,2,5,6,LM (T),16,"[593, 90, 643, 124]",1,alive,0.7402
94B,,08/04/2021,4.234375,1,2,5,6,LM (T),17,"[536, 73, 600, 129]",1,alive,0.6669
94B,,08/04/2021,2.1171875,1,2,5,7,LM (T),1,"[429, 26, 494, 80]",1,alive,0.9994
94B,,08/04/2021,2.1171875,1,2,5,7,LM (T),2,"[553, 65, 612, 123]",1,alive,0.9993
94B,,08/04/2021,2.1171875,1,2,5,7,LM (T),3,"[482, 53, 567, 93]",1,alive,0.9990
94B,,08/04/2021,2.1171875,1,2,5,7,LM (T),4,"[326, 21, 394, 73]",1,alive,0.9986
94B,,08/04/2021,2.1171875,1,2,5,7,LM (T),5,"[17, 429, 81, 496]",1,alive,0.9974
94B,,08/04/2021,2.1171875,1,2,5,7,LM (T),6,"[98, 599, 183, 665]",1,alive,0.9969
94B,,08/04/2021,2.1171875,1,2,5,7,LM (T),7,"[359, 724, 434, 786]",1,alive,0.9965
94B,,08/04/2021,2.1171875,1,2,5,7,LM (T),8,"[687, 181, 736, 225]",2,dead,0.9939
94B,,08/04/2021,2.1171875,1,2,5,7,LM (T),9,"[215, 44, 293, 85]",2,dead,0.9818
94B,,08/04/2021,2.1171875,1,2,5,7,LM (T),10,"[412, 712, 448, 785]",1,alive,0.9606
94B,,08/04/2021,2.1171875,1,2,5,7,LM (T),11,"[121, 588, 164, 647]",1,alive,0.9546
94B,,08/04/2021,2.1171875,1,2,5,7,LM (T),12,"[290, 39, 328, 86]",1,alive,0.9355
94B,,08/04/2021,2.1171875,1,2,5,7,LM (T),13,"[125, 631, 183, 666]",1,alive,0.8596
94B,,08/04/2021,2.1171875,1,2,5,7,LM (T),14,"[33, 187, 109, 295]",2,dead,0.8134
94B,,08/04/2021,1.05859375,1,2,5,8,LM (T),1,"[479, 108, 606, 170]",1,alive,0.9992
94B,,08/04/2021,1.05859375,1,2,5,8,LM (T),2,"[609, 116, 696, 265]",1,alive,0.9992
94B,,08/04/2021,1.05859375,1,2,5,8,LM (T),3,"[133, 629, 258, 684]",1,alive,0.9988
94B,,08/04/2021,1.05859375,1,2,5,8,LM (T),4,"[700, 210, 769, 297]",1,alive,0.9986
94B,,08/04/2021,1.05859375,1,2,5,8,LM (T),5,"[506, 43, 558, 149]",1,alive,0.9985
94B,,08/04/2021,1.05859375,1,2,5,8,LM (T),6,"[302, 196, 338, 234]",7,artifact,0.9984
94B,,08/04/2021,1.05859375,1,2,5,8,LM (T),7,"[412, 23, 500, 86]",1,alive,0.9958
94B,,08/04/2021,1.05859375,1,2,5,8,LM (T),8,"[542, 111, 607, 151]",1,alive,0.9842
94B,,08/04/2021,1.05859375,1,2,5,8,LM (T),9,"[361, 623, 483, 754]",5,L2,0.9837
94B,,08/04/2021,1.05859375,1,2,5,8,LM (T),10,"[17, 417, 70, 567]",1,alive,0.9738
94B,,08/04/2021,1.05859375,1,2,5,8,LM (T),11,"[333, 753, 400, 786]",2,dead,0.9708
94B,,08/04/2021,1.05859375,1,2,5,8,LM (T),12,"[440, 22, 519, 67]",1,alive,0.9413
94B,,08/04/2021,1.05859375,1,2,5,8,LM (T),13,"[357, 12, 410, 43]",2,dead,0.9337
94B,,08/04/2021,1.05859375,1,2,5,8,LM (T),14,"[639, 130, 712, 221]",1,alive,0.8726
94B,,08/04/2021,0.529296875,1,2,5,9,LM (T),1,"[684, 210, 749, 293]",1,alive,0.9993
94B,,08/04/2021,0.529296875,1,2,5,9,LM (T),2,"[389, 45, 496, 113]",1,alive,0.9991
94B,,08/04/2021,0.529296875,1,2,5,9,LM (T),3,"[307, 24, 418, 90]",1,alive,0.9986
94B,,08/04/2021,0.529296875,1,2,5,9,LM (T),4,"[448, 703, 557, 766]",1,alive,0.9982
94B,,08/04/2021,0.529296875,1,2,5,9,LM (T),5,"[272, 701, 363, 774]",1,alive,0.9979
94B,,08/04/2021,0.529296875,1,2,5,9,LM (T),6,"[103, 73, 211, 176]",1,alive,0.9978
94B,,08/04/2021,0.529296875,1,2,5,9,LM (T),7,"[92, 570, 137, 660]",1,alive,0.9974
94B,,08/04/2021,0.529296875,1,2,5,9,LM (T),8,"[594, 187, 707, 238]",1,alive,0.9965
94B,,08/04/2021,0.529296875,1,2,5,9,LM (T),9,"[60, 515, 107, 630]",1,alive,0.9962
94B,,08/04/2021,0.529296875,1,2,5,9,LM (T),10,"[127, 627, 205, 684]",1,alive,0.9917
94B,,08/04/2021,0.529296875,1,2,5,9,LM (T),11,"[238, 693, 273, 754]",1,alive,0.9846
94B,,08/04/2021,0.529296875,1,2,5,9,LM (T),12,"[532, 83, 611, 122]",1,alive,0.9827
94B,,08/04/2021,0.529296875,1,2,5,9,LM (T),13,"[496, 62, 550, 152]",1,alive,0.9819
94B,,08/04/2021,0.529296875,1,2,5,9,LM (T),14,"[650, 127, 690, 175]",2,dead,0.9768
94B,,08/04/2021,0.529296875,1,2,5,9,LM (T),15,"[394, 712, 546, 740]",1,alive,0.9767
94B,,08/04/2021,0.529296875,1,2,5,9,LM (T),16,"[463, 30, 509, 114]",1,alive,0.9749
94B,,08/04/2021,0.529296875,1,2,5,9,LM (T),17,"[542, 118, 661, 147]",1,alive,0.9714
94B,,08/04/2021,0.529296875,1,2,5,9,LM (T),18,"[200, 661, 261, 697]",1,alive,0.9706
94B,,08/04/2021,0.529296875,1,2,5,9,LM (T),19,"[136, 673, 241, 745]",2,dead,0.9699
94B,,08/04/2021,0.529296875,1,2,5,9,LM (T),20,"[649, 171, 705, 233]",1,alive,0.9479
94B,,08/04/2021,0.529296875,1,2,5,9,LM (T),21,"[274, 28, 321, 54]",2,dead,0.9440
94B,,08/04/2021,0.529296875,1,2,5,9,LM (T),22,"[679, 193, 728, 269]",1,alive,0.9015
94B,,08/04/2021,0.529296875,1,2,5,9,LM (T),23,"[432, 112, 510, 145]",6,aged_dead,0.7997
94B,,08/04/2021,0.529296875,1,2,5,9,LM (T),24,"[578, 103, 608, 207]",1,alive,0.7607
94B,,08/04/2021,0.529296875,1,2,5,9,LM (T),25,"[467, 35, 538, 144]",1,alive,0.7341
94B,,08/04/2021,0.529296875,1,2,5,9,LM (T),26,"[420, 737, 485, 783]",2,dead,0.6114
94B,,08/04/2021,0.2646484375,1,2,5,10,LM (T),1,"[231, 248, 273, 313]",6,aged_dead,0.9996
94B,,08/04/2021,0.2646484375,1,2,5,10,LM (T),2,"[433, 37, 567, 89]",1,alive,0.9982
94B,,08/04/2021,0.2646484375,1,2,5,10,LM (T),3,"[99, 600, 153, 648]",1,alive,0.9977
94B,,08/04/2021,0.2646484375,1,2,5,10,LM (T),4,"[252, 28, 370, 82]",1,alive,0.9975
94B,,08/04/2021,0.2646484375,1,2,5,10,LM (T),5,"[35, 473, 102, 573]",1,alive,0.9966
94B,,08/04/2021,0.2646484375,1,2,5,10,LM (T),6,"[504, 749, 531, 775]",7,artifact,0.9961
94B,,08/04/2021,0.2646484375,1,2,5,10,LM (T),7,"[610, 100, 671, 174]",1,alive,0.9862
94B,,08/04/2021,0.2646484375,1,2,5,10,LM (T),8,"[52, 543, 114, 617]",1,alive,0.9854
94B,,08/04/2021,0.2646484375,1,2,5,10,LM (T),9,"[397, 734, 511, 783]",1,alive,0.9797
94B,,08/04/2021,0.2646484375,1,2,5,10,LM (T),10,"[297, 57, 360, 93]",4,egg,0.8841
94B,,08/04/2021,0.2646484375,1,2,5,10,LM (T),11,"[296, 60, 370, 137]",7,artifact,0.8820
94B,,08/04/2021,0.2646484375,1,2,5,10,LM (T),12,"[56, 149, 128, 265]",1,alive,0.8818
94B,,08/04/2021,0.2646484375,1,2,5,10,LM (T),13,"[19, 393, 48, 492]",1,alive,0.8668
94B,,08/04/2021,0.2646484375,1,2,5,10,LM (T),14,"[553, 68, 614, 100]",1,alive,0.6866
VC,LM (T),08/04/2021,0,1,2,5,12,LM (T),1,"[31, 351, 74, 429]",1,alive,0.9994
VC,LM (T),08/04/2021,0,1,2,5,12,LM (T),2,"[174, 640, 221, 715]",1,alive,0.9975
VC,LM (T),08/04/2021,0,1,2,5,12,LM (T),3,"[33, 264, 96, 333]",1,alive,0.9966
VC,LM (T),08/04/2021,0,1,2,5,12,LM (T),4,"[682, 160, 756, 305]",1,alive,0.9887
VC,LM (T),08/04/2021,0,1,2,5,12,LM (T),5,"[58, 496, 137, 546]",1,alive,0.9877
VC,LM (T),08/04/2021,0,1,2,5,12,LM (T),6,"[62, 548, 163, 655]",1,alive,0.9815
VC,LM (T),08/04/2021,0,1,2,5,12,LM (T),7,"[35, 436, 77, 498]",1,alive,0.9463
VC,LM (T),08/04/2021,0,1,2,5,12,LM (T),8,"[415, 494, 434, 515]",7,artifact,0.9461
VC,LM (T),08/04/2021,0,1,2,5,12,LM (T),9,"[55, 519, 96, 578]",1,alive,0.9299
VC,LM (T),08/04/2021,0,1,2,5,12,LM (T),10,"[715, 291, 750, 330]",1,alive,0.7841
VC,LM (T),08/04/2021,0,1,2,5,12,LM (T),11,"[51, 230, 90, 284]",3,moribund,0.7511
VC,LM (T),08/04/2021,0,1,2,5,12,LM (T),12,"[60, 521, 137, 597]",1,alive,0.6717
94C,,08/04/2021,128.5,1,2,6,1,LM (T),1,"[76, 573, 164, 681]",1,alive,0.9996
94C,,08/04/2021,128.5,1,2,6,1,LM (T),2,"[61, 171, 136, 256]",1,alive,0.9984
94C,,08/04/2021,128.5,1,2,6,1,LM (T),3,"[275, 715, 322, 773]",1,alive,0.9982
94C,,08/04/2021,128.5,1,2,6,1,LM (T),4,"[166, 675, 262, 748]",1,alive,0.9934
94C,,08/04/2021,128.5,1,2,6,1,LM (T),5,"[507, 53, 588, 148]",1,alive,0.9917
94C,,08/04/2021,128.5,1,2,6,1,LM (T),6,"[439, 40, 562, 84]",1,alive,0.9883
94C,,08/04/2021,128.5,1,2,6,1,LM (T),7,"[288, 28, 402, 76]",1,alive,0.9870
94C,,08/04/2021,128.5,1,2,6,1,LM (T),8,"[90, 144, 124, 196]",2,dead,0.9833
94C,,08/04/2021,128.5,1,2,6,1,LM (T),9,"[300, 48, 397, 90]",1,alive,0.9289
94C,,08/04/2021,128.5,1,2,6,1,LM (T),10,"[37, 292, 81, 335]",1,alive,0.9252
94C,,08/04/2021,128.5,1,2,6,1,LM (T),11,"[92, 95, 172, 198]",2,dead,0.9191
94C,,08/04/2021,128.5,1,2,6,1,LM (T),12,"[170, 698, 227, 737]",2,dead,0.8809
94C,,08/04/2021,128.5,1,2,6,1,LM (T),13,"[327, 742, 418, 786]",3,moribund,0.8342
94C,,08/04/2021,128.5,1,2,6,1,LM (T),14,"[523, 126, 573, 159]",6,aged_dead,0.8324
94C,,08/04/2021,128.5,1,2,6,1,LM (T),15,"[366, 20, 485, 75]",1,alive,0.7090
94C,,08/04/2021,128.5,1,2,6,1,LM (T),16,"[154, 679, 194, 705]",7,artifact,0.6944
94C,,08/04/2021,128.5,1,2,6,1,LM (T),17,"[225, 714, 265, 748]",1,alive,0.6250
94C,,08/04/2021,64.25,1,2,6,2,LM (T),1,"[75, 544, 134, 607]",1,alive,0.9992
94C,,08/04/2021,64.25,1,2,6,2,LM (T),2,"[26, 434, 83, 496]",1,alive,0.9980
94C,,08/04/2021,64.25,1,2,6,2,LM (T),3,"[112, 543, 178, 657]",1,alive,0.9975
94C,,08/04/2021,64.25,1,2,6,2,LM (T),4,"[623, 114, 700, 196]",1,alive,0.9968
94C,,08/04/2021,64.25,1,2,6,2,LM (T),5,"[529, 35, 649, 114]",1,alive,0.9945
94C,,08/04/2021,64.25,1,2,6,2,LM (T),6,"[269, 654, 313, 761]",1,alive,0.9872
94C,,08/04/2021,64.25,1,2,6,2,LM (T),7,"[205, 125, 230, 150]",7,artifact,0.9870
94C,,08/04/2021,64.25,1,2,6,2,LM (T),8,"[125, 609, 223, 729]",1,alive,0.9846
94C,,08/04/2021,64.25,1,2,6,2,LM (T),9,"[161, 642, 246, 690]",1,alive,0.9773
94C,,08/04/2021,64.25,1,2,6,2,LM (T),10,"[47, 492, 86, 587]",1,alive,0.9650
94C,,08/04/2021,64.25,1,2,6,2,LM (T),11,"[203, 681, 281, 734]",1,alive,0.9367
94C,,08/04/2021,64.25,1,2,6,2,LM (T),12,"[586, 645, 669, 706]",2,dead,0.8973
94C,,08/04/2021,64.25,1,2,6,2,LM (T),13,"[615, 602, 693, 654]",3,moribund,0.7407
94C,,08/04/2021,64.25,1,2,6,2,LM (T),14,"[98, 610, 137, 655]",2,dead,0.6741
94C,,08/04/2021,32.125,1,2,6,3,LM (T),1,"[34, 337, 83, 404]",1,alive,0.9980
94C,,08/04/2021,32.125,1,2,6,3,LM (T),2,"[698, 383, 763, 439]",1,alive,0.9912
94C,,08/04/2021,32.125,1,2,6,3,LM (T),3,"[290, 50, 406, 88]",1,alive,0.9894
94C,,08/04/2021,32.125,1,2,6,3,LM (T),4,"[185, 75, 252, 140]",1,alive,0.9853
94C,,08/04/2021,32.125,1,2,6,3,LM (T),5,"[704, 524, 747, 554]",2,dead,0.9807
94C,,08/04/2021,32.125,1,2,6,3,LM (T),6,"[22, 228, 111, 371]",1,alive,0.9718
94C,,08/04/2021,32.125,1,2,6,3,LM (T),7,"[357, 34, 398, 68]",4,egg,0.9580
94C,,08/04/2021,32.125,1,2,6,3,LM (T),8,"[648, 597, 683, 670]",1,alive,0.9484
94C,,08/04/2021,32.125,1,2,6,3,LM (T),9,"[106, 97, 197, 200]",7,artifact,0.9263
94C,,08/04/2021,32.125,1,2,6,3,LM (T),10,"[656, 540, 746, 666]",2,dead,0.9140
94C,,08/04/2021,32.125,1,2,6,3,LM (T),11,"[483, 696, 617, 760]",1,alive,0.8794
94C,,08/04/2021,32.125,1,2,6,3,LM (T),12,"[68, 185, 134, 225]",1,alive,0.8767
94C,,08/04/2021,32.125,1,2,6,3,LM (T),13,"[597, 604, 677, 711]",7,artifact,0.7889
94C,,08/04/2021,32.125,1,2,6,3,LM (T),14,"[740, 353, 775, 406]",2,dead,0.7495
94C,,08/04/2021,32.125,1,2,6,3,LM (T),15,"[32, 376, 78, 544]",2,dead,0.7171
94C,,08/04/2021,32.125,1,2,6,3,LM (T),16,"[722, 230, 776, 378]",2,dead,0.6108
94C,,08/04/2021,16.0625,1,2,6,4,LM (T),1,"[431, 40, 563, 120]",1,alive,0.9996
94C,,08/04/2021,16.0625,1,2,6,4,LM (T),2,"[26, 346, 71, 490]",1,alive,0.9973
94C,,08/04/2021,16.0625,1,2,6,4,LM (T),3,"[597, 88, 637, 177]",1,alive,0.9929
94C,,08/04/2021,16.0625,1,2,6,4,LM (T),4,"[239, 727, 347, 775]",1,alive,0.9854
94C,,08/04/2021,16.0625,1,2,6,4,LM (T),5,"[75, 537, 119, 618]",1,alive,0.9771
94C,,08/04/2021,16.0625,1,2,6,4,LM (T),6,"[217, 685, 286, 741]",1,alive,0.9668
94C,,08/04/2021,16.0625,1,2,6,4,LM (T),7,"[705, 484, 760, 522]",7,artifact,0.9560
94C,,08/04/2021,16.0625,1,2,6,4,LM (T),8,"[146, 194, 173, 244]",7,artifact,0.9446
94C,,08/04/2021,16.0625,1,2,6,4,LM (T),9,"[631, 135, 685, 181]",1,alive,0.8873
94C,,08/04/2021,16.0625,1,2,6,4,LM (T),10,"[288, 686, 337, 753]",1,alive,0.8813
94C,,08/04/2021,16.0625,1,2,6,4,LM (T),11,"[713, 481, 772, 579]",2,dead,0.8562
94C,,08/04/2021,16.0625,1,2,6,4,LM (T),12,"[75, 592, 148, 680]",2,dead,0.8230
94C,,08/04/2021,16.0625,1,2,6,4,LM (T),13,"[540, 72, 618, 112]",2,dead,0.8044
94C,,08/04/2021,16.0625,1,2,6,4,LM (T),14,"[193, 709, 255, 745]",1,alive,0.7967
94C,,08/04/2021,16.0625,1,2,6,4,LM (T),15,"[249, 717, 290, 739]",1,alive,0.6118
94C,,08/04/2021,8.03125,1,2,6,5,LM (T),1,"[594, 94, 678, 194]",1,alive,0.9997
94C,,08/04/2021,8.03125,1,2,6,5,LM (T),2,"[614, 201, 703, 273]",1,alive,0.9994
94C,,08/04/2021,8.03125,1,2,6,5,LM (T),3,"[635, 108, 730, 228]",1,alive,0.9972
94C,,08/04/2021,8.03125,1,2,6,5,LM (T),4,"[505, 54, 588, 107]",1,alive,0.9953
94C,,08/04/2021,8.03125,1,2,6,5,LM (T),5,"[36, 500, 107, 606]",1,alive,0.9920
94C,,08/04/2021,8.03125,1,2,6,5,LM (T),6,"[625, 118, 659, 168]",2,dead,0.8549
94C,,08/04/2021,8.03125,1,2,6,5,LM (T),7,"[642, 193, 711, 237]",1,alive,0.7700
94C,,08/04/2021,8.03125,1,2,6,5,LM (T),8,"[619, 150, 678, 193]",1,alive,0.7463
94C,,08/04/2021,4.015625,1,2,6,6,LM (T),1,"[36, 419, 138, 485]",1,alive,0.9998
94C,,08/04/2021,4.015625,1,2,6,6,LM (T),2,"[72, 552, 125, 609]",1,alive,0.9997
94C,,08/04/2021,4.015625,1,2,6,6,LM (T),3,"[523, 119, 609, 165]",1,alive,0.9987
94C,,08/04/2021,4.015625,1,2,6,6,LM (T),4,"[488, 64, 611, 148]",1,alive,0.9980
94C,,08/04/2021,4.015625,1,2,6,6,LM (T),5,"[35, 477, 100, 549]",1,alive,0.9967
94C,,08/04/2021,4.015625,1,2,6,6,LM (T),6,"[655, 164, 701, 216]",1,alive,0.9901
94C,,08/04/2021,4.015625,1,2,6,6,LM (T),7,"[594, 81, 672, 193]",1,alive,0.9865
94C,,08/04/2021,4.015625,1,2,6,6,LM (T),8,"[627, 154, 667, 201]",1,alive,0.9495
94C,,08/04/2021,4.015625,1,2,6,6,LM (T),9,"[283, 739, 422, 781]",1,alive,0.9268
94C,,08/04/2021,4.015625,1,2,6,6,LM (T),10,"[633, 161, 686, 224]",1,alive,0.8972
94C,,08/04/2021,4.015625,1,2,6,6,LM (T),11,"[20, 404, 53, 468]",1,alive,0.6685
94C,,08/04/2021,2.0078125,1,2,6,7,LM (T),1,"[217, 55, 281, 115]",1,alive,0.9997
94C,,08/04/2021,2.0078125,1,2,6,7,LM (T),2,"[307, 711, 388, 747]",1,alive,0.9930
94C,,08/04/2021,2.0078125,1,2,6,7,LM (T),3,"[34, 395, 69, 525]",1,alive,0.9873
94C,,08/04/2021,2.0078125,1,2,6,7,LM (T),4,"[54, 493, 125, 639]",1,alive,0.9862
94C,,08/04/2021,2.0078125,1,2,6,7,LM (T),5,"[251, 739, 408, 781]",1,alive,0.9831
94C,,08/04/2021,2.0078125,1,2,6,7,LM (T),6,"[258, 27, 383, 79]",1,alive,0.9808
94C,,08/04/2021,2.0078125,1,2,6,7,LM (T),7,"[82, 507, 238, 694]",5,L2,0.9775
94C,,08/04/2021,2.0078125,1,2,6,7,LM (T),8,"[152, 487, 196, 587]",1,alive,0.9699
94C,,08/04/2021,2.0078125,1,2,6,7,LM (T),9,"[36, 248, 77, 402]",1,alive,0.9644
94C,,08/04/2021,2.0078125,1,2,6,7,LM (T),10,"[110, 620, 170, 648]",2,dead,0.9399
94C,,08/04/2021,2.0078125,1,2,6,7,LM (T),11,"[121, 643, 153, 676]",2,dead,0.9320
94C,,08/04/2021,2.0078125,1,2,6,7,LM (T),12,"[152, 654, 221, 699]",1,alive,0.9318
94C,,08/04/2021,2.0078125,1,2,6,7,LM (T),13,"[56, 319, 84, 415]",1,alive,0.9316
94C,,08/04/2021,2.0078125,1,2,6,7,LM (T),14,"[594, 80, 663, 175]",1,alive,0.9195
94C,,08/04/2021,2.0078125,1,2,6,7,LM (T),15,"[106, 598, 223, 697]",1,alive,0.9034
94C,,08/04/2021,2.0078125,1,2,6,7,LM (T),16,"[83, 595, 124, 631]",4,egg,0.8494
94C,,08/04/2021,2.0078125,1,2,6,7,LM (T),17,"[196, 703, 278, 754]",1,alive,0.8346
94C,,08/04/2021,2.0078125,1,2,6,7,LM (T),18,"[74, 489, 177, 617]",5,L2,0.8040
94C,,08/04/2021,2.0078125,1,2,6,7,LM (T),19,"[515, 43, 607, 116]",3,moribund,0.7975
94C,,08/04/2021,2.0078125,1,2,6,7,LM (T),20,"[100, 571, 155, 608]",2,dead,0.7069
94C,,08/04/2021,1.00390625,1,2,6,8,LM (T),1,"[409, 431, 440, 541]",2,dead,0.9994
94C,,08/04/2021,1.00390625,1,2,6,8,LM (T),2,"[138, 515, 186, 657]",1,alive,0.9987
94C,,08/04/2021,1.00390625,1,2,6,8,LM (T),3,"[728, 237, 761, 397]",1,alive,0.9981
94C,,08/04/2021,1.00390625,1,2,6,8,LM (T),4,"[761, 325, 787, 384]",6,aged_dead,0.9978
94C,,08/04/2021,1.00390625,1,2,6,8,LM (T),5,"[47, 493, 110, 621]",1,alive,0.9959
94C,,08/04/2021,1.00390625,1,2,6,8,LM (T),6,"[589, 112, 685, 155]",1,alive,0.9954
94C,,08/04/2021,1.00390625,1,2,6,8,LM (T),7,"[369, 28, 432, 70]",1,alive,0.9912
94C,,08/04/2021,1.00390625,1,2,6,8,LM (T),8,"[570, 55, 599, 219]",1,alive,0.9872
94C,,08/04/2021,1.00390625,1,2,6,8,LM (T),9,"[22, 396, 80, 511]",1,alive,0.9818
94C,,08/04/2021,1.00390625,1,2,6,8,LM (T),10,"[106, 569, 157, 640]",1,alive,0.9799
94C,,08/04/2021,1.00390625,1,2,6,8,LM (T),11,"[461, 28, 529, 63]",2,dead,0.9129
94C,,08/04/2021,1.00390625,1,2,6,8,LM (T),12,"[105, 626, 169, 676]",4,egg,0.8974
94C,,08/04/2021,1.00390625,1,2,6,8,LM (T),13,"[135, 669, 222, 738]",1,alive,0.8933
94C,,08/04/2021,1.00390625,1,2,6,8,LM (T),14,"[528, 49, 576, 135]",3,moribund,0.7873
94C,,08/04/2021,1.00390625,1,2,6,8,LM (T),15,"[72, 126, 161, 220]",3,moribund,0.6948
94C,,08/04/2021,0.501953125,1,2,6,9,LM (T),1,"[603, 127, 683, 198]",1,alive,0.9999
94C,,08/04/2021,0.501953125,1,2,6,9,LM (T),2,"[393, 421, 479, 530]",7,artifact,0.9991
94C,,08/04/2021,0.501953125,1,2,6,9,LM (T),3,"[560, 104, 638, 173]",1,alive,0.9972
94C,,08/04/2021,0.501953125,1,2,6,9,LM (T),4,"[404, 406, 464, 480]",7,artifact,0.9961
94C,,08/04/2021,0.501953125,1,2,6,9,LM (T),5,"[30, 480, 100, 550]",1,alive,0.9958
94C,,08/04/2021,0.501953125,1,2,6,9,LM (T),6,"[466, 42, 586, 80]",1,alive,0.9909
94C,,08/04/2021,0.501953125,1,2,6,9,LM (T),7,"[416, 469, 481, 533]",7,artifact,0.9184
94C,,08/04/2021,0.501953125,1,2,6,9,LM (T),8,"[599, 91, 640, 155]",1,alive,0.9026
94C,,08/04/2021,0.501953125,1,2,6,9,LM (T),9,"[160, 671, 217, 715]",1,alive,0.8695
94C,,08/04/2021,0.501953125,1,2,6,9,LM (T),10,"[500, 72, 563, 105]",1,alive,0.8212
94C,,08/04/2021,0.501953125,1,2,6,9,LM (T),11,"[560, 80, 593, 109]",1,alive,0.7614
94C,,08/04/2021,0.2509765625,1,2,6,10,LM (T),1,"[213, 46, 316, 152]",1,alive,0.9997
94C,,08/04/2021,0.2509765625,1,2,6,10,LM (T),2,"[645, 147, 701, 224]",1,alive,0.9993
94C,,08/04/2021,0.2509765625,1,2,6,10,LM (T),3,"[690, 195, 762, 343]",1,alive,0.9993
94C,,08/04/2021,0.2509765625,1,2,6,10,LM (T),4,"[33, 352, 93, 483]",1,alive,0.9988
94C,,08/04/2021,0.2509765625,1,2,6,10,LM (T),5,"[729, 340, 773, 405]",1,alive,0.9971
94C,,08/04/2021,0.2509765625,1,2,6,10,LM (T),6,"[456, 51, 498, 81]",6,aged_dead,0.9922
94C,,08/04/2021,0.2509765625,1,2,6,10,LM (T),7,"[15, 309, 73, 440]",1,alive,0.9764
94C,,08/04/2021,0.2509765625,1,2,6,10,LM (T),8,"[512, 36, 664, 143]",1,alive,0.9706
94C,,08/04/2021,0.2509765625,1,2,6,10,LM (T),9,"[292, 36, 364, 70]",1,alive,0.9703
94C,,08/04/2021,0.2509765625,1,2,6,10,LM (T),10,"[299, 45, 400, 86]",1,alive,0.9512
94C,,08/04/2021,0.2509765625,1,2,6,10,LM (T),11,"[371, 18, 450, 55]",1,alive,0.9256
94C,,08/04/2021,0.2509765625,1,2,6,10,LM (T),12,"[660, 140, 692, 202]",1,alive,0.8798
94C,,08/04/2021,0.2509765625,1,2,6,10,LM (T),13,"[598, 85, 662, 145]",1,alive,0.8387
94C,,08/04/2021,0.2509765625,1,2,6,10,LM (T),14,"[411, 12, 514, 69]",2,dead,0.7666
VC,LM (T),08/04/2021,0,1,2,6,12,LM (T),1,"[577, 185, 681, 258]",1,alive,0.9993
VC,LM (T),08/04/2021,0,1,2,6,12,LM (T),2,"[426, 31, 516, 79]",1,alive,0.9992
VC,LM (T),08/04/2021,0,1,2,6,12,LM (T),3,"[55, 502, 105, 600]",1,alive,0.9982
VC,LM (T),08/04/2021,0,1,2,6,12,LM (T),4,"[532, 54, 574, 134]",1,alive,0.9919
VC,LM (T),08/04/2021,0,1,2,6,12,LM (T),5,"[20, 327, 58, 487]",1,alive,0.9901
VC,LM (T),08/04/2021,0,1,2,6,12,LM (T),6,"[643, 112, 723, 229]",1,alive,0.9817
VC,LM (T),08/04/2021,0,1,2,6,12,LM (T),7,"[347, 25, 465, 57]",1,alive,0.9259
VC,LM (T),08/04/2021,0,1,2,6,12,LM (T),8,"[558, 80, 654, 137]",1,alive,0.9108
VC,LM (T),08/04/2021,0,1,2,6,12,LM (T),9,"[583, 97, 684, 235]",5,L2,0.8198
VC,LM (T),08/04/2021,0,1,2,6,12,LM (T),10,"[551, 75, 586, 125]",1,alive,0.7842
VC,LM (T),08/04/2021,0,1,2,6,12,LM (T),11,"[566, 91, 607, 140]",6,aged_dead,0.7478
94D,,08/04/2021,128.5,1,2,7,1,LM (T),1,"[503, 34, 566, 99]",1,alive,0.9993
94D,,08/04/2021,128.5,1,2,7,1,LM (T),2,"[319, 12, 408, 74]",1,alive,0.9984
94D,,08/04/2021,128.5,1,2,7,1,LM (T),3,"[415, 11, 491, 53]",2,dead,0.9782
94D,,08/04/2021,128.5,1,2,7,1,LM (T),4,"[605, 99, 701, 186]",1,alive,0.9469
94D,,08/04/2021,128.5,1,2,7,1,LM (T),5,"[329, 743, 402, 788]",2,dead,0.9379
94D,,08/04/2021,128.5,1,2,7,1,LM (T),6,"[265, 689, 332, 767]",1,alive,0.8855
94D,,08/04/2021,128.5,1,2,7,1,LM (T),7,"[559, 60, 667, 132]",2,dead,0.8834
94D,,08/04/2021,128.5,1,2,7,1,LM (T),8,"[295, 26, 330, 67]",2,dead,0.7591
94D,,08/04/2021,128.5,1,2,7,1,LM (T),9,"[472, 35, 509, 91]",2,dead,0.7581
94D,,08/04/2021,128.5,1,2,7,1,LM (T),10,"[559, 60, 620, 106]",2,dead,0.7079
94D,,08/04/2021,128.5,1,2,7,1,LM (T),11,"[458, 19, 500, 47]",2,dead,0.6292
94D,,08/04/2021,64.25,1,2,7,2,LM (T),1,"[627, 150, 705, 218]",1,alive,0.9999
94D,,08/04/2021,64.25,1,2,7,2,LM (T),2,"[616, 102, 664, 155]",1,alive,0.9996
94D,,08/04/2021,64.25,1,2,7,2,LM (T),3,"[674, 207, 753, 302]",1,alive,0.9992
94D,,08/04/2021,64.25,1,2,7,2,LM (T),4,"[382, 15, 451, 108]",1,alive,0.9978
94D,,08/04/2021,64.25,1,2,7,2,LM (T),5,"[740, 367, 782, 508]",1,alive,0.9957
94D,,08/04/2021,64.25,1,2,7,2,LM (T),6,"[72, 573, 100, 605]",2,dead,0.9825
94D,,08/04/2021,64.25,1,2,7,2,LM (T),7,"[125, 610, 219, 718]",1,alive,0.9805
94D,,08/04/2021,64.25,1,2,7,2,LM (T),8,"[707, 211, 760, 269]",2,dead,0.9601
94D,,08/04/2021,64.25,1,2,7,2,LM (T),9,"[369, 754, 466, 787]",2,dead,0.9353
94D,,08/04/2021,64.25,1,2,7,2,LM (T),10,"[99, 594, 130, 635]",7,artifact,0.8734
94D,,08/04/2021,64.25,1,2,7,2,LM (T),11,"[123, 607, 166, 661]",2,dead,0.8356
94D,,08/04/2021,64.25,1,2,7,2,LM (T),12,"[379, 63, 452, 125]",1,alive,0.6700
94D,,08/04/2021,32.125,1,2,7,3,LM (T),1,"[204, 60, 279, 101]",4,egg,0.9979
94D,,08/04/2021,32.125,1,2,7,3,LM (T),2,"[368, 21, 513, 62]",1,alive,0.9955
94D,,08/04/2021,32.125,1,2,7,3,LM (T),3,"[270, 23, 356, 72]",1,alive,0.9915
94D,,08/04/2021,32.125,1,2,7,3,LM (T),4,"[415, 448, 451, 501]",2,dead,0.9882
94D,,08/04/2021,32.125,1,2,7,3,LM (T),5,"[553, 117, 687, 162]",1,alive,0.9712
94D,,08/04/2021,32.125,1,2,7,3,LM (T),6,"[52, 482, 91, 529]",1,alive,0.9291
94D,,08/04/2021,32.125,1,2,7,3,LM (T),7,"[190, 664, 237, 744]",2,dead,0.9203
94D,,08/04/2021,32.125,1,2,7,3,LM (T),8,"[583, 89, 674, 149]",1,alive,0.8888
94D,,08/04/2021,32.125,1,2,7,3,LM (T),9,"[470, 729, 559, 780]",3,moribund,0.7776
94D,,08/04/2021,32.125,1,2,7,3,LM (T),10,"[260, 87, 289, 118]",7,artifact,0.7751
94D,,08/04/2021,16.0625,1,2,7,4,LM (T),1,"[513, 704, 589, 754]",1,alive,0.9995
94D,,08/04/2021,16.0625,1,2,7,4,LM (T),2,"[686, 530, 765, 590]",1,alive,0.9982
94D,,08/04/2021,16.0625,1,2,7,4,LM (T),3,"[259, 709, 407, 764]",1,alive,0.9970
94D,,08/04/2021,16.0625,1,2,7,4,LM (T),4,"[152, 676, 263, 740]",1,alive,0.9957
94D,,08/04/2021,16.0625,1,2,7,4,LM (T),5,"[266, 727, 327, 775]",1,alive,0.9941
94D,,08/04/2021,16.0625,1,2,7,4,LM (T),6,"[599, 99, 654, 141]",1,alive,0.9808
94D,,08/04/2021,16.0625,1,2,7,4,LM (T),7,"[506, 41, 633, 107]",1,alive,0.9586
94D,,08/04/2021,16.0625,1,2,7,4,LM (T),8,"[340, 752, 406, 786]",1,alive,0.9482
94D,,08/04/2021,16.0625,1,2,7,4,LM (T),9,"[78, 587, 151, 676]",1,alive,0.8873
94D,,08/04/2021,16.0625,1,2,7,4,LM (T),10,"[402, 435, 456, 474]",6,aged_dead,0.8769
94D,,08/04/2021,16.0625,1,2,7,4,LM (T),11,"[463, 502, 496, 563]",6,aged_dead,0.8559
94D,,08/04/2021,16.0625,1,2,7,4,LM (T),12,"[578, 85, 632, 130]",1,alive,0.7989
94D,,08/04/2021,8.03125,1,2,7,5,LM (T),1,"[587, 76, 651, 156]",1,alive,0.9938
94D,,08/04/2021,8.03125,1,2,7,5,LM (T),2,"[139, 652, 215, 692]",1,alive,0.9847
94D,,08/04/2021,8.03125,1,2,7,5,LM (T),3,"[241, 731, 294, 770]",2,dead,0.9831
94D,,08/04/2021,8.03125,1,2,7,5,LM (T),4,"[533, 49, 583, 107]",1,alive,0.9635
94D,,08/04/2021,4.015625,1,2,7,6,LM (T),1,"[529, 58, 593, 144]",1,alive,0.9998
94D,,08/04/2021,4.015625,1,2,7,6,LM (T),2,"[26, 370, 87, 485]",1,alive,0.9885
94D,,08/04/2021,4.015625,1,2,7,6,LM (T),3,"[520, 143, 593, 203]",1,alive,0.9822
94D,,08/04/2021,4.015625,1,2,7,6,LM (T),4,"[471, 56, 527, 102]",1,alive,0.9550
94D,,08/04/2021,4.015625,1,2,7,6,LM (T),5,"[423, 32, 530, 98]",1,alive,0.8358
94D,,08/04/2021,4.015625,1,2,7,6,LM (T),6,"[28, 424, 57, 499]",1,alive,0.8166
94D,,08/04/2021,4.015625,1,2,7,6,LM (T),7,"[24, 316, 53, 388]",2,dead,0.8123
94D,,08/04/2021,4.015625,1,2,7,6,LM (T),8,"[160, 69, 236, 132]",1,alive,0.7756
94D,,08/04/2021,4.015625,1,2,7,6,LM (T),9,"[29, 442, 86, 490]",1,alive,0.7475
94D,,08/04/2021,4.015625,1,2,7,6,LM (T),10,"[421, 34, 481, 67]",2,dead,0.6449
94D,,08/04/2021,2.0078125,1,2,7,7,LM (T),1,"[622, 114, 682, 183]",1,alive,0.9980
94D,,08/04/2021,2.0078125,1,2,7,7,LM (T),2,"[219, 710, 344, 753]",1,alive,0.9957
94D,,08/04/2021,2.0078125,1,2,7,7,LM (T),3,"[220, 38, 355, 105]",1,alive,0.9929
94D,,08/04/2021,2.0078125,1,2,7,7,LM (T),4,"[710, 193, 753, 322]",1,alive,0.9913
94D,,08/04/2021,2.0078125,1,2,7,7,LM (T),5,"[318, 748, 437, 783]",1,alive,0.9907
94D,,08/04/2021,2.0078125,1,2,7,7,LM (T),6,"[106, 647, 250, 706]",1,alive,0.9900
94D,,08/04/2021,2.0078125,1,2,7,7,LM (T),7,"[582, 84, 672, 154]",1,alive,0.9810
94D,,08/04/2021,2.0078125,1,2,7,7,LM (T),8,"[88, 577, 198, 665]",1,alive,0.9761
94D,,08/04/2021,2.0078125,1,2,7,7,LM (T),9,"[191, 34, 284, 101]",2,dead,0.8861
94D,,08/04/2021,1.00390625,1,2,7,8,LM (T),1,"[254, 682, 315, 730]",1,alive,0.9996
94D,,08/04/2021,1.00390625,1,2,7,8,LM (T),2,"[289, 722, 356, 774]",1,alive,0.9995
94D,,08/04/2021,1.00390625,1,2,7,8,LM (T),3,"[347, 723, 415, 774]",1,alive,0.9991
94D,,08/04/2021,1.00390625,1,2,7,8,LM (T),4,"[606, 120, 685, 180]",1,alive,0.9982
94D,,08/04/2021,1.00390625,1,2,7,8,LM (T),5,"[591, 94, 639, 143]",1,alive,0.9972
94D,,08/04/2021,1.00390625,1,2,7,8,LM (T),6,"[33, 499, 183, 564]",1,alive,0.9968
94D,,08/04/2021,1.00390625,1,2,7,8,LM (T),7,"[56, 537, 121, 634]",1,alive,0.9934
94D,,08/04/2021,1.00390625,1,2,7,8,LM (T),8,"[295, 18, 365, 47]",6,aged_dead,0.9918
94D,,08/04/2021,1.00390625,1,2,7,8,LM (T),9,"[78, 129, 141, 206]",2,dead,0.9737
94D,,08/04/2021,1.00390625,1,2,7,8,LM (T),10,"[433, 45, 573, 83]",1,alive,0.9332
94D,,08/04/2021,1.00390625,1,2,7,8,LM (T),11,"[168, 692, 204, 721]",2,dead,0.9053
94D,,08/04/2021,1.00390625,1,2,7,8,LM (T),12,"[367, 755, 478, 790]",2,dead,0.8623
94D,,08/04/2021,1.00390625,1,2,7,8,LM (T),13,"[381, 16, 473, 50]",1,alive,0.8362
94D,,08/04/2021,1.00390625,1,2,7,8,LM (T),14,"[527, 77, 609, 125]",1,alive,0.8191
94D,,08/04/2021,1.00390625,1,2,7,8,LM (T),15,"[325, 32, 422, 63]",2,dead,0.7471
94D,,08/04/2021,0.501953125,1,2,7,9,LM (T),1,"[17, 335, 73, 395]",1,alive,0.9995
94D,,08/04/2021,0.501953125,1,2,7,9,LM (T),2,"[663, 560, 755, 638]",7,artifact,0.9994
94D,,08/04/2021,0.501953125,1,2,7,9,LM (T),3,"[87, 547, 135, 633]",1,alive,0.9985
94D,,08/04/2021,0.501953125,1,2,7,9,LM (T),4,"[566, 62, 654, 153]",1,alive,0.9925
94D,,08/04/2021,0.501953125,1,2,7,9,LM (T),5,"[715, 232, 787, 383]",1,alive,0.9895
94D,,08/04/2021,0.501953125,1,2,7,9,LM (T),6,"[492, 31, 555, 76]",2,dead,0.9795
94D,,08/04/2021,0.501953125,1,2,7,9,LM (T),7,"[640, 119, 697, 193]",1,alive,0.9675
94D,,08/04/2021,0.501953125,1,2,7,9,LM (T),8,"[492, 47, 572, 111]",1,alive,0.9388
94D,,08/04/2021,0.501953125,1,2,7,9,LM (T),9,"[328, 20, 432, 59]",2,dead,0.8697
94D,,08/04/2021,0.501953125,1,2,7,9,LM (T),10,"[291, 25, 348, 70]",3,moribund,0.8658
94D,,08/04/2021,0.501953125,1,2,7,9,LM (T),11,"[127, 145, 161, 175]",2,dead,0.7524
94D,,08/04/2021,0.2509765625,1,2,7,10,LM (T),1,"[95, 521, 159, 591]",1,alive,0.9993
94D,,08/04/2021,0.2509765625,1,2,7,10,LM (T),2,"[332, 34, 461, 93]",1,alive,0.9974
94D,,08/04/2021,0.2509765625,1,2,7,10,LM (T),3,"[174, 689, 271, 736]",1,alive,0.9965
94D,,08/04/2021,0.2509765625,1,2,7,10,LM (T),4,"[449, 25, 550, 84]",1,alive,0.9935
94D,,08/04/2021,0.2509765625,1,2,7,10,LM (T),5,"[345, 583, 379, 618]",7,artifact,0.9916
94D,,08/04/2021,0.2509765625,1,2,7,10,LM (T),6,"[337, 24, 424, 72]",1,alive,0.9841
94D,,08/04/2021,0.2509765625,1,2,7,10,LM (T),7,"[44, 530, 108, 579]",1,alive,0.9835
94D,,08/04/2021,0.2509765625,1,2,7,10,LM (T),8,"[86, 582, 199, 624]",1,alive,0.9834
94D,,08/04/2021,0.2509765625,1,2,7,10,LM (T),9,"[645, 564, 729, 650]",1,alive,0.9819
94D,,08/04/2021,0.2509765625,1,2,7,10,LM (T),10,"[82, 172, 116, 218]",7,artifact,0.9356
94D,,08/04/2021,0.2509765625,1,2,7,10,LM (T),11,"[537, 65, 581, 104]",1,alive,0.9349
94D,,08/04/2021,0.2509765625,1,2,7,10,LM (T),12,"[577, 72, 625, 124]",2,dead,0.8798
94D,,08/04/2021,0.2509765625,1,2,7,10,LM (T),13,"[615, 102, 660, 131]",6,aged_dead,0.8621
94D,,08/04/2021,0.2509765625,1,2,7,10,LM (T),14,"[83, 108, 175, 218]",2,dead,0.8078
94D,,08/04/2021,0.2509765625,1,2,7,10,LM (T),15,"[695, 177, 759, 284]",2,dead,0.6332
VC,LM (T),08/04/2021,0,1,2,7,12,LM (T),1,"[399, 425, 475, 456]",2,dead,0.9966
VC,LM (T),08/04/2021,0,1,2,7,12,LM (T),2,"[27, 347, 63, 447]",1,alive,0.9908
VC,LM (T),08/04/2021,0,1,2,7,12,LM (T),3,"[56, 336, 102, 429]",1,alive,0.9719
VC,LM (T),08/04/2021,0,1,2,7,12,LM (T),4,"[740, 335, 783, 414]",2,dead,0.9237
VC,LM (T),08/04/2021,0,1,2,7,12,LM (T),5,"[39, 357, 78, 438]",1,alive,0.7813
1036-14B,,08/04/2021,1.28,1,2,8,1,LM (T),1,"[495, 521, 523, 589]",2,dead,0.9806
1036-14B,,08/04/2021,1.28,1,2,8,1,LM (T),2,"[57, 184, 110, 255]",2,dead,0.9715
1036-14B,,08/04/2021,1.28,1,2,8,1,LM (T),3,"[488, 27, 523, 64]",2,dead,0.9492
1036-14B,,08/04/2021,1.28,1,2,8,1,LM (T),4,"[426, 458, 471, 488]",6,aged_dead,0.9477
1036-14B,,08/04/2021,1.28,1,2,8,1,LM (T),5,"[118, 635, 191, 706]",2,dead,0.9462
1036-14B,,08/04/2021,1.28,1,2,8,1,LM (T),6,"[746, 284, 778, 360]",2,dead,0.9395
1036-14B,,08/04/2021,1.28,1,2,8,1,LM (T),7,"[250, 40, 320, 72]",2,dead,0.9344
1036-14B,,08/04/2021,1.28,1,2,8,1,LM (T),8,"[715, 212, 753, 278]",2,dead,0.9300
1036-14B,,08/04/2021,1.28,1,2,8,1,LM (T),9,"[687, 174, 730, 220]",2,dead,0.9266
1036-14B,,08/04/2021,1.28,1,2,8,1,LM (T),10,"[627, 648, 689, 701]",2,dead,0.9209
1036-14B,,08/04/2021,1.28,1,2,8,1,LM (T),11,"[642, 577, 725, 654]",2,dead,0.9087
1036-14B,,08/04/2021,1.28,1,2,8,1,LM (T),12,"[665, 137, 698, 205]",2,dead,0.9013
1036-14B,,08/04/2021,1.28,1,2,8,1,LM (T),13,"[317, 24, 353, 60]",2,dead,0.8806
1036-14B,,08/04/2021,1.28,1,2,8,1,LM (T),14,"[625, 102, 671, 163]",2,dead,0.8443
1036-14B,,08/04/2021,1.28,1,2,8,1,LM (T),15,"[673, 135, 727, 209]",2,dead,0.6742
1036-14B,,08/04/2021,1.28,1,2,8,1,LM (T),16,"[165, 79, 223, 121]",3,moribund,0.6727
1036-14B,,08/04/2021,1.28,1,2,8,1,LM (T),17,"[19, 368, 49, 450]",3,moribund,0.6614
1036-14B,,08/04/2021,1.28,1,2,8,1,LM (T),18,"[677, 172, 710, 217]",2,dead,0.6305
1036-14B,,08/04/2021,0.64,1,2,8,2,LM (T),1,"[370, 344, 415, 383]",7,artifact,0.9997
1036-14B,,08/04/2021,0.64,1,2,8,2,LM (T),2,"[573, 68, 617, 106]",2,dead,0.9575
1036-14B,,08/04/2021,0.64,1,2,8,2,LM (T),3,"[465, 31, 541, 79]",3,moribund,0.9230
1036-14B,,08/04/2021,0.64,1,2,8,2,LM (T),4,"[106, 627, 166, 689]",3,moribund,0.9072
1036-14B,,08/04/2021,0.64,1,2,8,2,LM (T),5,"[303, 736, 344, 768]",3,moribund,0.8017
1036-14B,,08/04/2021,0.32,1,2,8,3,LM (T),1,"[409, 731, 465, 782]",1,alive,0.9968
1036-14B,,08/04/2021,0.32,1,2,8,3,LM (T),2,"[706, 547, 744, 619]",2,dead,0.9919
1036-14B,,08/04/2021,0.32,1,2,8,3,LM (T),3,"[21, 306, 53, 365]",2,dead,0.9903
1036-14B,,08/04/2021,0.32,1,2,8,3,LM (T),4,"[232, 66, 354, 165]",5,L2,0.9732
1036-14B,,08/04/2021,0.32,1,2,8,3,LM (T),5,"[740, 453, 774, 493]",3,moribund,0.9500
1036-14B,,08/04/2021,0.32,1,2,8,3,LM (T),6,"[159, 62, 219, 104]",7,artifact,0.9474
1036-14B,,08/04/2021,0.32,1,2,8,3,LM (T),7,"[457, 29, 491, 71]",2,dead,0.9246
1036-14B,,08/04/2021,0.32,1,2,8,3,LM (T),8,"[652, 586, 703, 681]",3,moribund,0.9087
1036-14B,,08/04/2021,0.32,1,2,8,3,LM (T),9,"[336, 10, 482, 57]",2,dead,0.9031
1036-14B,,08/04/2021,0.32,1,2,8,3,LM (T),10,"[37, 231, 96, 292]",3,moribund,0.8970
1036-14B,,08/04/2021,0.32,1,2,8,3,LM (T),11,"[167, 35, 266, 98]",7,artifact,0.8752
1036-14B,,08/04/2021,0.32,1,2,8,3,LM (T),12,"[64, 192, 97, 233]",7,artifact,0.8664
1036-14B,,08/04/2021,0.32,1,2,8,3,LM (T),13,"[634, 162, 732, 232]",3,moribund,0.8635
1036-14B,,08/04/2021,0.32,1,2,8,3,LM (T),14,"[269, 14, 360, 46]",2,dead,0.7870
1036-14B,,08/04/2021,0.32,1,2,8,3,LM (T),15,"[459, 25, 598, 71]",7,artifact,0.7687
1036-14B,,08/04/2021,0.32,1,2,8,3,LM (T),16,"[206, 31, 278, 77]",2,dead,0.6535
1036-14B,,08/04/2021,0.16,1,2,8,4,LM (T),1,"[652, 130, 763, 340]",5,L2,0.9990
1036-14B,,08/04/2021,0.16,1,2,8,4,LM (T),2,"[528, 55, 608, 126]",1,alive,0.9957
1036-14B,,08/04/2021,0.16,1,2,8,4,LM (T),3,"[21, 414, 76, 518]",1,alive,0.9834
1036-14B,,08/04/2021,0.16,1,2,8,4,LM (T),4,"[70, 552, 110, 622]",1,alive,0.9806
1036-14B,,08/04/2021,0.16,1,2,8,4,LM (T),5,"[94, 610, 123, 646]",2,dead,0.9385
1036-14B,,08/04/2021,0.16,1,2,8,4,LM (T),6,"[137, 78, 201, 119]",7,artifact,0.8779
1036-14B,,08/04/2021,0.16,1,2,8,4,LM (T),7,"[116, 624, 171, 695]",3,moribund,0.8550
1036-14B,,08/04/2021,0.08,1,2,8,5,LM (T),1,"[177, 648, 245, 706]",1,alive,0.9993
1036-14B,,08/04/2021,0.08,1,2,8,5,LM (T),2,"[496, 129, 658, 200]",1,alive,0.9990
1036-14B,,08/04/2021,0.08,1,2,8,5,LM (T),3,"[655, 608, 709, 670]",2,dead,0.9988
1036-14B,,08/04/2021,0.08,1,2,8,5,LM (T),4,"[673, 254, 771, 332]",1,alive,0.9982
1036-14B,,08/04/2021,0.08,1,2,8,5,LM (T),5,"[391, 29, 544, 70]",1,alive,0.9968
1036-14B,,08/04/2021,0.08,1,2,8,5,LM (T),6,"[483, 94, 573, 141]",1,alive,0.9906
1036-14B,,08/04/2021,0.08,1,2,8,5,LM (T),7,"[47, 507, 175, 571]",1,alive,0.9882
1036-14B,,08/04/2021,0.08,1,2,8,5,LM (T),8,"[683, 228, 746, 266]",1,alive,0.9804
1036-14B,,08/04/2021,0.08,1,2,8,5,LM (T),9,"[141, 528, 186, 707]",1,alive,0.9796
1036-14B,,08/04/2021,0.08,1,2,8,5,LM (T),10,"[34, 446, 68, 509]",1,alive,0.9771
1036-14B,,08/04/2021,0.08,1,2,8,5,LM (T),11,"[755, 352, 790, 434]",2,dead,0.9694
1036-14B,,08/04/2021,0.08,1,2,8,5,LM (T),12,"[534, 66, 641, 128]",1,alive,0.9597
1036-14B,,08/04/2021,0.08,1,2,8,5,LM (T),13,"[49, 211, 71, 233]",7,artifact,0.8696
1036-14B,,08/04/2021,0.08,1,2,8,5,LM (T),14,"[628, 116, 665, 153]",2,dead,0.7531
1036-14B,,08/04/2021,0.08,1,2,8,5,LM (T),15,"[514, 108, 574, 149]",1,alive,0.6719
1036-14B,,08/04/2021,0.04,1,2,8,6,LM (T),1,"[341, 709, 423, 780]",1,alive,0.9992
1036-14B,,08/04/2021,0.04,1,2,8,6,LM (T),2,"[463, 40, 586, 131]",1,alive,0.9933
1036-14B,,08/04/2021,0.04,1,2,8,6,LM (T),3,"[339, 737, 399, 784]",1,alive,0.9920
1036-14B,,08/04/2021,0.04,1,2,8,6,LM (T),4,"[265, 259, 320, 311]",7,artifact,0.9703
1036-14B,,08/04/2021,0.04,1,2,8,6,LM (T),5,"[700, 265, 750, 349]",1,alive,0.9692
1036-14B,,08/04/2021,0.04,1,2,8,6,LM (T),6,"[644, 129, 679, 185]",1,alive,0.9385
1036-14B,,08/04/2021,0.04,1,2,8,6,LM (T),7,"[704, 473, 772, 563]",1,alive,0.9279
1036-14B,,08/04/2021,0.04,1,2,8,6,LM (T),8,"[734, 372, 771, 479]",1,alive,0.8638
1036-14B,,08/04/2021,0.04,1,2,8,6,LM (T),9,"[676, 592, 723, 640]",2,dead,0.8501
1036-14B,,08/04/2021,0.04,1,2,8,6,LM (T),10,"[595, 686, 639, 722]",7,artifact,0.8384
1036-14B,,08/04/2021,0.04,1,2,8,6,LM (T),11,"[719, 481, 751, 523]",2,dead,0.8298
1036-14B,,08/04/2021,0.04,1,2,8,6,LM (T),12,"[732, 278, 780, 419]",1,alive,0.8163
1036-14B,,08/04/2021,0.04,1,2,8,6,LM (T),13,"[675, 546, 736, 649]",2,dead,0.7826
1036-14B,,08/04/2021,0.04,1,2,8,6,LM (T),14,"[721, 319, 761, 426]",1,alive,0.7243
1036-14B,,08/04/2021,0.04,1,2,8,6,LM (T),15,"[625, 610, 679, 701]",2,dead,0.7037
1036-14B,,08/04/2021,0.04,1,2,8,6,LM (T),16,"[336, 137, 354, 155]",7,artifact,0.6588
1036-14B,,08/04/2021,0.04,1,2,8,6,LM (T),17,"[659, 600, 716, 672]",1,alive,0.6411
1036-14B,,08/04/2021,0.04,1,2,8,6,LM (T),18,"[700, 546, 739, 605]",7,artifact,0.6324
1036-14B,,08/04/2021,0.02,1,2,8,7,LM (T),1,"[621, 110, 685, 167]",1,alive,0.9993
1036-14B,,08/04/2021,0.02,1,2,8,7,LM (T),2,"[507, 37, 629, 125]",1,alive,0.9980
1036-14B,,08/04/2021,0.02,1,2,8,7,LM (T),3,"[39, 488, 92, 575]",1,alive,0.9929
1036-14B,,08/04/2021,0.02,1,2,8,7,LM (T),4,"[271, 36, 360, 99]",1,alive,0.9800
1036-14B,,08/04/2021,0.02,1,2,8,7,LM (T),5,"[95, 618, 191, 693]",1,alive,0.9743
1036-14B,,08/04/2021,0.02,1,2,8,7,LM (T),6,"[350, 16, 498, 66]",1,alive,0.9522
1036-14B,,08/04/2021,0.02,1,2,8,7,LM (T),7,"[32, 213, 88, 323]",2,dead,0.9458
1036-14B,,08/04/2021,0.02,1,2,8,7,LM (T),8,"[108, 120, 183, 179]",3,moribund,0.9276
1036-14B,,08/04/2021,0.02,1,2,8,7,LM (T),9,"[17, 421, 78, 491]",3,moribund,0.8211
1036-14B,,08/04/2021,0.02,1,2,8,7,LM (T),10,"[376, 43, 499, 77]",1,alive,0.6804
1036-14B,,08/04/2021,0.01,1,2,8,8,LM (T),1,"[445, 76, 549, 161]",1,alive,0.9999
1036-14B,,08/04/2021,0.01,1,2,8,8,LM (T),2,"[407, 30, 496, 101]",1,alive,0.9989
1036-14B,,08/04/2021,0.01,1,2,8,8,LM (T),3,"[62, 171, 105, 245]",2,dead,0.9944
1036-14B,,08/04/2021,0.01,1,2,8,8,LM (T),4,"[544, 78, 597, 154]",1,alive,0.9908
1036-14B,,08/04/2021,0.01,1,2,8,8,LM (T),5,"[436, 32, 495, 70]",1,alive,0.9840
1036-14B,,08/04/2021,0.01,1,2,8,8,LM (T),6,"[503, 91, 637, 129]",1,alive,0.9752
1036-14B,,08/04/2021,0.01,1,2,8,8,LM (T),7,"[525, 46, 622, 93]",1,alive,0.9005
1036-14B,,08/04/2021,0.01,1,2,8,8,LM (T),8,"[43, 509, 112, 615]",1,alive,0.8819
1036-14B,,08/04/2021,0.01,1,2,8,8,LM (T),9,"[74, 222, 104, 286]",2,dead,0.7998
1036-14B,,08/04/2021,0.01,1,2,8,8,LM (T),10,"[359, 28, 397, 63]",1,alive,0.7575
1036-14B,,08/04/2021,0.01,1,2,8,8,LM (T),11,"[65, 530, 95, 598]",4,egg,0.7212
1036-14B,,08/04/2021,0.01,1,2,8,8,LM (T),12,"[84, 543, 118, 619]",1,alive,0.6835
1036-14B,,08/04/2021,0.005,1,2,8,9,LM (T),1,"[379, 20, 520, 55]",1,alive,0.9964
1036-14B,,08/04/2021,0.005,1,2,8,9,LM (T),2,"[449, 54, 554, 90]",1,alive,0.9765
1036-14B,,08/04/2021,0.005,1,2,8,9,LM (T),3,"[570, 102, 654, 175]",1,alive,0.9691
1036-14B,,08/04/2021,0.005,1,2,8,9,LM (T),4,"[414, 51, 494, 114]",1,alive,0.9597
1036-14B,,08/04/2021,0.005,1,2,8,9,LM (T),5,"[344, 37, 422, 92]",1,alive,0.9101
1036-14B,,08/04/2021,0.005,1,2,8,9,LM (T),6,"[248, 40, 311, 73]",1,alive,0.8860
1036-14B,,08/04/2021,0.005,1,2,8,9,LM (T),7,"[559, 64, 595, 104]",1,alive,0.8216
1036-14B,,08/04/2021,0.005,1,2,8,9,LM (T),8,"[298, 19, 366, 76]",1,alive,0.7973
1036-14B,,08/04/2021,0.005,1,2,8,9,LM (T),9,"[244, 712, 292, 766]",1,alive,0.7672
1036-14B,,08/04/2021,0.0025,1,2,8,10,LM (T),1,"[415, 39, 479, 85]",1,alive,0.9986
1036-14B,,08/04/2021,0.0025,1,2,8,10,LM (T),2,"[723, 280, 770, 415]",1,alive,0.9982
1036-14B,,08/04/2021,0.0025,1,2,8,10,LM (T),3,"[603, 98, 676, 207]",1,alive,0.9966
1036-14B,,08/04/2021,0.0025,1,2,8,10,LM (T),4,"[103, 566, 166, 642]",1,alive,0.9903
1036-14B,,08/04/2021,0.0025,1,2,8,10,LM (T),5,"[316, 16, 452, 85]",1,alive,0.9877
1036-14B,,08/04/2021,0.0025,1,2,8,10,LM (T),6,"[482, 77, 617, 111]",1,alive,0.9847
1036-14B,,08/04/2021,0.0025,1,2,8,10,LM (T),7,"[676, 188, 715, 233]",1,alive,0.9838
1036-14B,,08/04/2021,0.0025,1,2,8,10,LM (T),8,"[149, 672, 266, 746]",1,alive,0.9824
1036-14B,,08/04/2021,0.0025,1,2,8,10,LM (T),9,"[81, 572, 151, 671]",1,alive,0.9807
1036-14B,,08/04/2021,0.0025,1,2,8,10,LM (T),10,"[532, 44, 612, 102]",1,alive,0.9659
1036-14B,,08/04/2021,0.0025,1,2,8,10,LM (T),11,"[570, 104, 618, 151]",1,alive,0.9466
1036-14B,,08/04/2021,0.0025,1,2,8,10,LM (T),12,"[34, 502, 78, 571]",2,dead,0.9443
1036-14B,,08/04/2021,0.0025,1,2,8,10,LM (T),13,"[467, 25, 542, 82]",2,dead,0.9143
1036-14B,,08/04/2021,0.0025,1,2,8,10,LM (T),14,"[663, 156, 704, 196]",1,alive,0.8669
1036-14B,,08/04/2021,0.0025,1,2,8,10,LM (T),15,"[688, 538, 759, 637]",2,dead,0.8406
1036-14B,,08/04/2021,0.0025,1,2,8,10,LM (T),16,"[606, 96, 643, 147]",1,alive,0.7242
1036-14B,,08/04/2021,0.0025,1,2,8,10,LM (T),17,"[437, 27, 475, 58]",2,dead,0.7105
1036-14B,,08/04/2021,0.0025,1,2,8,10,LM (T),18,"[485, 32, 579, 95]",1,alive,0.6518
VC,LM (T),08/04/2021,0,1,2,8,12,LM (T),1,"[41, 500, 185, 559]",1,alive,0.9998
VC,LM (T),08/04/2021,0,1,2,8,12,LM (T),2,"[386, 21, 497, 108]",1,alive,0.9961
VC,LM (T),08/04/2021,0,1,2,8,12,LM (T),3,"[572, 87, 651, 139]",1,alive,0.9960
VC,LM (T),08/04/2021,0,1,2,8,12,LM (T),4,"[698, 186, 778, 335]",1,alive,0.9452
VC,LM (T),08/04/2021,0,1,2,8,12,LM (T),5,"[502, 65, 607, 102]",2,dead,0.8976
VC,LM (T),08/04/2021,0,1,2,8,12,LM (T),6,"[498, 53, 534, 99]",1,alive,0.8687
VC,LM (T),08/04/2021,0,1,2,8,12,LM (T),7,"[692, 260, 732, 306]",6,aged_dead,0.7300
VC,LM (T),08/04/2021,0,1,2,8,12,LM (T),8,"[697, 242, 752, 316]",1,alive,0.6364